question_id,pipeline,retrieved_chunk_ids,answer,ndcg_at_10,context_precision,context_recall,mean_reciprocal_rank,faithfulness_proxy,answer_relevancy_proxy
5add1d575542992c1e3a2540,naive,Royal_Flash_(film)::chunk0;Oliver_Reed::chunk0;Royal_Flash::chunk0,"Oliver Reed's character, Otto von Bismarck, was German.",0.6131471927654584,0.3333333333333333,0.5,1.0,0.5714285714285714,0.42857142857142855
5add1d575542992c1e3a2540,enhanced,Royal_Flash_(film)::chunk0;Oliver_Reed::chunk0;Ivan_Dragomiloff::chunk0,The context does not contain the answer.,0.6131471927654584,0.3333333333333333,0.5,1.0,0.0,0.0
5ac55ea55542993e66e82377,naive,The_Flight_Across_the_Ocean::chunk0;Pacific_Mozart_Ensemble::chunk1;Lulu_(opera)::chunk0,The Pacific Mozart Ensemble performed Kurt Weill's Der Lindberghflug in 2002.,0.38685280723454163,0.3333333333333333,0.5,0.5,0.5555555555555556,0.7777777777777778
5ac55ea55542993e66e82377,enhanced,Pacific_Mozart_Ensemble::chunk1;The_Flight_Across_the_Ocean::chunk0;Pacific_Mozart_Ensemble::chunk0,Pacific Mozart Ensemble performed Kurt Weill’s Der Lindberghflug in 2002.,0.6131471927654584,0.6666666666666666,0.5,1.0,1.0,0.7777777777777778
5ac3a76e554299741d48a2be,naive,With_or_Without_You::chunk0;Believe_(Jai_McDowall_album)::chunk0;U218_Singles::chunk0,"U2 released the song ""With or Without You"" first.",1.0,0.6666666666666666,1.0,1.0,1.0,0.75
5ac3a76e554299741d48a2be,enhanced,With_or_Without_You::chunk0;Believe_(Jai_McDowall_album)::chunk0;Mercy_(Steve_Jones_album)::chunk0,"U2 released the song ""With or Without You"" first.",1.0,0.6666666666666666,1.0,1.0,1.0,0.75
5a7133565542994082a3e65c,naive,"Lake_Louisvilla,_Louisville::chunk0;Oldham_County,_Kentucky::chunk0;Kentucky_County,_Virginia::chunk0","Oldham County has a population of 60,316 and features the Lake Louisvilla neighborhood.",1.0,0.6666666666666666,1.0,1.0,0.8888888888888888,0.8888888888888888
5a7133565542994082a3e65c,enhanced,"Lake_Louisvilla,_Louisville::chunk0;Oldham_County,_Kentucky::chunk0;Casey_County,_Kentucky::chunk0","Oldham County has a population of 60,316 and features the Lake Louisvilla neighborhood.",1.0,0.6666666666666666,1.0,1.0,0.8888888888888888,0.8888888888888888
5ac1a4745542991316484b82,naive,"Para_Hills_West,_South_Australia::chunk0;Para_Hills,_South_Australia::chunk0;City_of_Salisbury::chunk0","Para Hills West, South Australia lies within the City of Salisbury, which has an estimated population of 138,535 people.",0.9197207891481876,0.6666666666666666,1.0,1.0,0.9285714285714286,1.0
5ac1a4745542991316484b82,enhanced,"Para_Hills_West,_South_Australia::chunk0;Para_Hills,_South_Australia::chunk0;Gulfview_Heights,_South_Australia::chunk0",The context does not contain information about the estimated population of the city that Para Hills West lies within.,0.6131471927654584,0.3333333333333333,0.5,1.0,0.38461538461538464,0.8
5adc597d55429947ff17392f,naive,Blackadder's_Christmas_Carol::chunk0;A_Christmas_Carol_(1999_film)::chunk0;The_Muppet_Christmas_Carol::chunk0,"The context does not contain the answer to the year when the narrator of ""Blackadder's Christmas Carol,"" Hugh Laurie, was born.",0.6131471927654584,0.3333333333333333,0.5,1.0,0.4166666666666667,1.0
5adc597d55429947ff17392f,enhanced,Blackadder's_Christmas_Carol::chunk0;A_Christmas_Carol_(1999_film)::chunk0;A_Christmas_Carol::chunk0,"The provided context does not contain information about the birth year of the narrator of ""Blackadder's Christmas Carol.""",0.6131471927654584,0.3333333333333333,0.5,1.0,0.25,0.8333333333333334
5ac55e835542993e66e82375,naive,Thomas_Fitch_(politician)::chunk0;Doc_Holliday::chunk0;O.K._Corral_hearing_and_aftermath::chunk0,Thomas Fitch defended John Henry Holliday when he was accused of killing men during the Gunfight at the O.K. Corral in 1881.,1.0,0.6666666666666666,1.0,1.0,0.875,1.0
5ac55e835542993e66e82375,enhanced,Thomas_Fitch_(politician)::chunk0;Doc_Holliday::chunk0;O.K._Corral_hearing_and_aftermath::chunk0,"Thomas Fitch defended John Henry Holliday after the Gunfight at the O.K. Corral, which occurred on October 26, 1881.",1.0,0.6666666666666666,1.0,1.0,0.8666666666666667,0.6666666666666666
5a8d9e0f554299441c6ba015,naive,Smeep_Kang::chunk0;Sunil_Grover::chunk0;Bhaji_in_Problem::chunk0,The context does not contain the answer to the question about the specific 2016 Punjabi film directed by Smeep Kang that features the actor who played Gutthi.,0.38685280723454163,0.3333333333333333,0.5,0.5,0.4117647058823529,0.6428571428571429
5a8d9e0f554299441c6ba015,enhanced,Sunil_Grover::chunk0;Sumona_Chakravarti::chunk1;Vaisakhi_List::chunk0,"The actor that played Gutthi on Comedy Nights with Kapil Show, Sunil Grover, starred in the 2016 Punjabi film ""Vaisakhi List"" directed by Smeep Kang.",0.9197207891481876,0.6666666666666666,1.0,1.0,0.9444444444444444,1.0
5ae70ed7554299572ea546a1,naive,Twisted_Fortune::chunk0;Eddie_Murphy_Raw::chunk0;Life_(1999_film)::chunk1,"Victor Varnado directed Twisted Fortune, which starred Charlie Murphy, Eddie Murphy's brother.",0.6131471927654584,0.3333333333333333,0.5,1.0,0.8181818181818182,0.8888888888888888
5ae70ed7554299572ea546a1,enhanced,Twisted_Fortune::chunk0;Life_(1999_film)::chunk0;Coming_to_America::chunk0,"Victor Varnado directed Twisted Fortune, which starred Charlie Murphy, Eddie Murphy's brother.",0.6131471927654584,0.3333333333333333,0.5,1.0,0.8181818181818182,0.8888888888888888
5a74a8fa55429929fddd8497,naive,Bill_Dudman::chunk0;William_Everingham::chunk0;John_Gathercole::chunk0,"Dudman was the Industrial Chaplain to the Bishop of Lincoln after his curacies at Shiregreen, Wombwell, and Frodingham.",0.6131471927654584,0.3333333333333333,0.5,1.0,1.0,0.6
5a74a8fa55429929fddd8497,enhanced,Bill_Dudman::chunk0;John_Gathercole::chunk0;William_Everingham::chunk0,Dudman was the Industrial Chaplain to the Bishop of Lincoln after his curacy at Frodingham.,0.6131471927654584,0.3333333333333333,0.5,1.0,1.0,0.7
5a7cb94f554299683c1c6353,naive,Afroman::chunk0;Pentastar:_In_the_Style_of_Demons::chunk1;The_Hungry_Hustlerz:_Starvation_Is_Motivation::chunk0,The Hungry,0.9197207891481876,0.6666666666666666,1.0,1.0,1.0,0.0
5a7cb94f554299683c1c6353,enhanced,Afroman::chunk0;Sail_On:_The_30th_Anniversary_Collection::chunk0;Como_Ama_una_Mujer::chunk0,The context does not contain the answer.,0.6131471927654584,0.3333333333333333,0.5,1.0,0.0,0.0
5ab874ba5542990e739ec904,naive,Twelfth_United_States_Army_Group::chunk0;Sixth_United_States_Army_Group::chunk0;Frederick_Kroesen::chunk0,The context does not contain the answer to that question.,0.6131471927654584,0.3333333333333333,0.5,1.0,0.0,0.0
5ab874ba5542990e739ec904,enhanced,Twelfth_United_States_Army_Group::chunk0;Omar_Bradley::chunk0;Sixth_United_States_Army_Group::chunk0,"The Twelfth United States Army Group commander, General Omar Bradley, was the first Chairman of the Joint Chiefs of Staff.",1.0,0.6666666666666666,1.0,1.0,0.9285714285714286,1.0
5ae3a8985542992f92d82329,naive,Lyman_Sherwood::chunk0;Sherwood_Equal_Rights_Historic_District::chunk0;Charles_D._Sherwood::chunk0,"Lyman Sherwood was born in Rensselaer County, New York.",0.6131471927654584,0.3333333333333333,0.5,1.0,1.0,0.8571428571428571
5ae3a8985542992f92d82329,enhanced,Lyman_Sherwood::chunk0;Charles_D._Sherwood::chunk0;Slocum_and_Hannah_Howland_House::chunk0,"Lyman Sherwood was born in Rensselaer County, New York.",0.6131471927654584,0.3333333333333333,0.5,1.0,1.0,0.8571428571428571
5ac39f7b554299218029dbe7,naive,Robert_Holding::chunk0;Sinclair_Oil_Corporation::chunk0;101_Ranch_Oil_Company::chunk0,"Robert Earl Holding owned Sinclair Oil Corporation, which was originally founded by Harry F. Sinclair.",1.0,0.6666666666666666,1.0,1.0,1.0,0.875
5ac39f7b554299218029dbe7,enhanced,Robert_Holding::chunk0;Skelly_Oil::chunk0;Sinclair_Oil_Corporation::chunk0,"Robert Earl Holding owned Sinclair Oil Corporation, which was originally founded by Harry F. Sinclair.",0.9197207891481876,0.6666666666666666,1.0,1.0,1.0,0.875
5ae27b535542996483e649b6,naive,On_the_Radio_(Regina_Spektor_song)::chunk0;November_Rain::chunk0;Rain_(Anthony_Callea_song)::chunk0,The band's lead singer is Axl Rose.,1.0,0.6666666666666666,1.0,1.0,1.0,0.3
5ae27b535542996483e649b6,enhanced,On_the_Radio_(Regina_Spektor_song)::chunk0;November_Rain::chunk0;Rain_(Anthony_Callea_song)::chunk0,"The band's lead singer of ""November Rain"" is Axl Rose.",1.0,0.6666666666666666,1.0,1.0,1.0,0.5
5a7331de5542994cef4bc4a8,naive,Charkhi_Dadri_mid-air_collision::chunk0;Tenerife_airport_disaster::chunk0;1977_in_aviation::chunk0,"The Tenerife airport disaster occurred first on March 27, 1977, while the Charkhi Dadri crash occurred later on November 12, 1996.",1.0,0.6666666666666666,1.0,1.0,0.8125,0.45454545454545453
5a7331de5542994cef4bc4a8,enhanced,Charkhi_Dadri_mid-air_collision::chunk0;Tenerife_airport_disaster::chunk0;Jacob_Veldhuyzen_van_Zanten::chunk0,"The Tenerife airport disaster occurred first on March 27, 1977, while the Charkhi Dadri mid-air collision happened later on November 12, 1996.",1.0,0.6666666666666666,1.0,1.0,0.7894736842105263,0.36363636363636365
5ac15de55542991316484afb,naive,Crazy_Love_(2007_film)::chunk0;Welcome_to_Nollywood::chunk0;Fighter_Pilot:_Operation_Red_Flag::chunk1,"No, Crazy Love was released in 2007, while the release date of Welcome to Nollywood is not provided in the context.",1.0,0.6666666666666666,1.0,1.0,0.46153846153846156,0.625
5ac15de55542991316484afb,enhanced,Welcome_to_Nollywood::chunk0;Crazy_Love_(2007_film)::chunk0;Crazy_Love:_Overwhelmed_by_a_Relentless_God::chunk0,"No, Welcome to Nollywood was released in 2007, while Crazy Love is a 2007 film.",1.0,0.6666666666666666,1.0,1.0,0.6666666666666666,0.625
5a7c6c9d554299683c1c6302,naive,Duffy_Jackson::chunk0;Walter_A._Duffy::chunk0;Richard_Duffy::chunk0,"Duffy Jackson was born in Nassau County, New York.",0.6131471927654584,0.3333333333333333,0.5,1.0,0.8571428571428571,1.0
5a7c6c9d554299683c1c6302,enhanced,Charles_Gavan_Duffy::chunk0;Duffy_Jackson::chunk0;Patrick_Duffy_(Irish_politician)::chunk0,The context does not contain the answer to the question about the county Duffy Jackson was born in.,0.38685280723454163,0.3333333333333333,0.5,0.5,0.4,1.0
5ae6363b55429929b0807af0,naive,2009–10_Biathlon_World_Cup_–_Pursuit_Men::chunk0;2010–11_Biathlon_World_Cup_–_Pursuit_Men::chunk0;2008–09_Biathlon_World_Cup_–_Pursuit_Men::chunk0,The context does not provide information about the birthdate of Ole Einar Bjørndalen.,0.6131471927654584,0.3333333333333333,0.5,1.0,0.4,0.0
5ae6363b55429929b0807af0,enhanced,2009–10_Biathlon_World_Cup_–_Pursuit_Men::chunk0;2009–10_Biathlon_World_Cup_–_Pursuit_Women::chunk0;2010–11_Biathlon_World_Cup_–_Pursuit_Men::chunk0,"The context does not provide information about the birthdate of Ole Einar Bjørndalen, the defending titlist.",0.6131471927654584,0.3333333333333333,0.5,1.0,0.5,0.2
5a8cea40554299441c6b9f76,naive,Langtang_Ri::chunk0;Gasherbrum_II::chunk0;Gasherbrum_I::chunk0,"Gasherbrum II is taller than Langtang Ri, with an elevation of 8035 m compared to Langtang Ri's 7205 m.",1.0,0.6666666666666666,1.0,1.0,0.7272727272727273,0.8333333333333334
5a8cea40554299441c6b9f76,enhanced,Langtang_Ri::chunk0;Gasherbrum_II::chunk0;Gasherbrum_I::chunk0,"Gasherbrum II is taller than Langtang Ri, with elevations of 8035 m and 7205 m respectively.",1.0,0.6666666666666666,1.0,1.0,0.7,0.8333333333333334
5ab5ecd75542992aa134a3e6,naive,Talpa_Holding::chunk0;Talpa_Radio::chunk0;Tien_(TV_channel)::chunk0,The Dutch media tycoon who transferred all of its media activities to Talpa Holding is John de Mol Jr.,0.6131471927654584,0.3333333333333333,0.5,1.0,0.9166666666666666,1.0
5ab5ecd75542992aa134a3e6,enhanced,Talpa_Holding::chunk0;John_de_Mol_Jr.::chunk0;Talpa_Radio::chunk0,John de Mol Jr. transferred all of its media activities to Talpa Holding.,1.0,0.6666666666666666,1.0,1.0,1.0,0.75
5a84c5545542991dd0999dee,naive,Pentastar:_In_the_Style_of_Demons::chunk0;Plymouth_Barracuda::chunk0;One_Million_Years_B.C.::chunk1,The Plymouth Barracuda ceased production in 1974.,1.0,0.6666666666666666,1.0,1.0,0.6,0.125
5a84c5545542991dd0999dee,enhanced,Pentastar:_In_the_Style_of_Demons::chunk0;BioFuels_Security_Act::chunk0;Good_News_Week::chunk0,The context does not contain the answer to when the car depicted on the cover of Pentastar: In the Style of Demons ceased production.,0.6131471927654584,0.3333333333333333,0.5,1.0,0.5833333333333334,0.875
5adeacf955429975fa854f66,naive,Center_for_Organizational_Research_and_Education::chunk0;Stanley_Coren::chunk0;Bobby_Mehta::chunk5,"The context does not specify a commentator or author who questioned the validity of CORE's non-profit status, but it mentions commentary from Rachel Maddow and Michael Pollan regarding the group.",0.6131471927654584,0.3333333333333333,0.5,1.0,0.55,1.0
5adeacf955429975fa854f66,enhanced,Center_for_Organizational_Research_and_Education::chunk0;Endowment_tax::chunk0;Brown_Association_for_Cooperative_Housing::chunk0,"Experts on non-profit law have questioned the validity of CORE's non-profit status, and commentators such as Rachel Maddow and Michael Pollan have also treated the group as specializing in astroturfing.",0.6131471927654584,0.3333333333333333,0.5,1.0,0.8333333333333334,0.75
5a8ce15d554299653c1aa12f,naive,Zoltan_Korda::chunk0;Robert_Wise::chunk0;Cash_(1933_film)::chunk0,"The context does not provide information about the number of award nominations for Zoltan Korda, so I cannot determine if Robert Wise had more award nominations than him.",1.0,0.6666666666666666,1.0,1.0,0.21052631578947367,1.0
5a8ce15d554299653c1aa12f,enhanced,Robert_Wise::chunk0;Elephant_Boy_(film)::chunk0;Zoltan_Korda::chunk0,"The provided context does not contain information about the total number of award nominations for Zoltan Korda, so it is not possible to determine if Robert Wise had more award nominations than Zoltan Korda.",0.9197207891481876,0.6666666666666666,1.0,1.0,0.2631578947368421,1.0
5ade4da055429939a52fe878,naive,My_Neighbor_Totoro::chunk0;Studio_Ghibli::chunk0;Short_films_by_Studio_Ghibli::chunk0,My Neighbor Totoro was produced by a Japanese animation film studio founded in 1985.,1.0,0.6666666666666666,1.0,1.0,1.0,0.9
5ade4da055429939a52fe878,enhanced,My_Neighbor_Totoro::chunk0;Makiko_Futaki::chunk0;Ghibli_Museum::chunk0,The context does not provide the founding year of Studio Ghibli.,0.6131471927654584,0.3333333333333333,0.5,1.0,0.42857142857142855,0.2
5ab2a186554299295394677b,naive,Forbury_Gardens::chunk0;Reading_Post::chunk0;The_Forbury_Hotel::chunk0,"The English local newspaper changed names in 2009, from the Reading Evening Post to the Reading Post.",0.38685280723454163,0.3333333333333333,0.5,0.5,0.7777777777777778,0.36363636363636365
5ab2a186554299295394677b,enhanced,Maiwand_Lion::chunk0;Reading_Post::chunk0;Forbury_Gardens::chunk0,"The English local newspaper, the Reading Post, changed its name from the Reading Evening Post in 2009.",1.0,0.6666666666666666,1.0,1.0,0.7777777777777778,0.2727272727272727
5ade66e1554299728e26c713,naive,Medellín_Cartel::chunk0;José_Gonzalo_Rodríguez_Gacha::chunk0;Medellín_Cartel::chunk1,José Gonzalo Rodríguez Gacha and other leaders of the Medellín Cartel operated throughout the 1970s and 1980s.,1.0,1.0,1.0,1.0,0.9285714285714286,0.25
5ade66e1554299728e26c713,enhanced,José_Gonzalo_Rodríguez_Gacha::chunk0;Medellín_Cartel::chunk0;Tranquilandia::chunk0,"José Gonzalo Rodríguez Gacha and other leaders of the Medellín Cartel operated in Bolivia, Colombia, Central America, Peru, the United States, Canada, and Europe throughout the 1970s and 1980s.",1.0,0.6666666666666666,1.0,1.0,0.9565217391304348,0.65
5a7c634c55429907fabeef79,naive,Clement_Greenberg::chunk0;Agatha_Christie_Memorial::chunk0;Agatha_Christie::chunk0,"Clement Greenberg died later, on May 7, 1994, while Agatha Christie died on January 12, 1976.",0.9197207891481876,0.6666666666666666,1.0,1.0,0.7692307692307693,0.8571428571428571
5a7c634c55429907fabeef79,enhanced,Agatha_Christie::chunk0;Clement_Greenberg::chunk0;Agatha_Christie_Memorial::chunk0,"Agatha Christie died later, on January 12, 1976, while Clement Greenberg died on May 7, 1994.",1.0,0.6666666666666666,1.0,1.0,0.7692307692307693,0.8571428571428571
5ae13f3c5542997b2ef7d168,naive,Arthur_Noss::chunk0;End_of_World_War_II_in_Europe::chunk0;Theatre_of_War_(video_game)::chunk0,The context does not contain the answer to the question.,0.6131471927654584,0.3333333333333333,0.5,1.0,0.0,0.0
5ae13f3c5542997b2ef7d168,enhanced,Arthur_Noss::chunk0;End_of_World_War_II_in_Europe::chunk0;Theatre_of_War_(video_game)::chunk0,The provided context does not contain information about Arthur Noss being a gunner for a commander during any battles in World War II.,0.6131471927654584,0.3333333333333333,0.5,1.0,0.4117647058823529,0.5
5ae17cd055429901ffe4aea3,naive,Pinanga::chunk0;Alopecurus::chunk0;Pison::chunk0,Alopecurus is more common in temperate regions.,1.0,0.6666666666666666,1.0,1.0,1.0,0.625
5ae17cd055429901ffe4aea3,enhanced,Alopecurus::chunk0;Alopecurus_aequalis::chunk0;Pinanga::chunk0,"Alopecurus is more common in temperate regions, as it is widespread across temperate parts of Eurasia and the Americas.",0.9197207891481876,0.6666666666666666,1.0,1.0,0.8,0.625
5ae7940c55429952e35ea984,naive,Peter_Mærsk_Møller::chunk0;Mærsk_Mc-Kinney_Møller::chunk0;Arnold_Peder_Møller::chunk0,"The name of shipping magnate Mærsk Mc-Kinney Møller's father is Arnold Peder Møller, also known as A.P. Møller.",0.38685280723454163,0.3333333333333333,0.5,0.5,0.8571428571428571,0.8888888888888888
5ae7940c55429952e35ea984,enhanced,Mærsk_Mc-Kinney_Møller::chunk0;Peter_Mærsk_Møller::chunk0;Arnold_Peder_Møller::chunk0,"The name of shipping magnate Mærsk Mc-Kinney Møller's father is Arnold Peter Møller, also known as A.P. Møller.",0.6131471927654584,0.3333333333333333,0.5,1.0,0.8571428571428571,0.8888888888888888
5a7296815542991f9a20c515,naive,Samantha_Cristoforetti::chunk0;ISSpresso::chunk0;Patrick_Baudry::chunk0,Samantha Cristoforetti brewed the first espresso coffee in space.,0.9197207891481876,0.6666666666666666,1.0,1.0,1.0,0.7777777777777778
5a7296815542991f9a20c515,enhanced,ISSpresso::chunk0;Samantha_Cristoforetti::chunk0;Espresso_machine::chunk0,Samantha Cristoforetti brewed the first espresso coffee in space.,0.38685280723454163,0.3333333333333333,0.5,0.5,1.0,0.7777777777777778
5ab2e8ad554299340b525562,naive,I_Love_Lee_Tae-ri::chunk0;Kim_Ki-bum::chunk0;Mr._Sunshine_(2018_TV_series)::chunk0,Park Ye-jin starred alongside Kim Ki-bum in the 2012 romantic comedy series I Love Lee Tae-ri.,1.0,0.6666666666666666,1.0,1.0,0.9411764705882353,0.7777777777777778
5ab2e8ad554299340b525562,enhanced,I_Love_Lee_Tae-ri::chunk0;Lee_Jong-hyuk::chunk0;Yoon_Jin-yi::chunk0,Park Ye-jin starred alongside South Korean actor and singer Kim Ki-bum in the 2012 romantic comedy series I Love Lee Tae-ri.,0.6131471927654584,0.3333333333333333,0.5,1.0,0.9047619047619048,1.0
5a89b1de5542992e4fca8378,naive,Lingnan_Fine_Arts_Museum::chunk0;Nanping::chunk0;Sanming::chunk0,The provided context does not contain the answer.,0.6131471927654584,0.3333333333333333,0.5,1.0,0.0,0.0
5a89b1de5542992e4fca8378,enhanced,"Lingnan_Fine_Arts_Museum::chunk0;Taipei::chunk0;Antolin,_Biała_Podlaska_County::chunk0",The context does not contain the answer.,1.0,0.6666666666666666,1.0,1.0,0.0,0.0
5ab78edc5542995dae37e95c,naive,Tyler_Kalinoski::chunk0;Tyler_School_of_Art::chunk0;Tyler_Consolidated_High_School::chunk0,"The school that Tyler Kalinoski attended, Olathe East High School, is located in Kansas.",0.6131471927654584,0.3333333333333333,0.5,1.0,0.8888888888888888,0.8
5ab78edc5542995dae37e95c,enhanced,Tyler_Kalinoski::chunk0;Tyler_School_of_Art::chunk0;Harvest_Time_Christian_Academy::chunk0,The context does not provide information about the location of the school that Tyler Kalinoski attended.,0.6131471927654584,0.3333333333333333,0.5,1.0,0.3,0.6
5ae73acb5542991e8301cc07,naive,D1NZ::chunk0;D1NZ::chunk1;Drifting_(motorsport)::chunk0,D1NZ is a series based on the drifting driving technique.,1.0,1.0,1.0,1.0,0.8333333333333334,0.8
5ae73acb5542991e8301cc07,enhanced,D1NZ::chunk0;Drifting_(motorsport)::chunk0;Raaz_Pichhle_Janam_Ka::chunk0,D1NZ is a series based on the driving technique of drifting.,1.0,0.6666666666666666,1.0,1.0,1.0,0.8
5a8257fa55429940e5e1a866,naive,Aloha_ʻOe::chunk0;Kalākaua::chunk0;Hawaii's_Story_by_Hawaii's_Queen::chunk0,"The most famous song of the last monarch of Hawaii, Liliʻuokalani, is ""Aloha ʻOe.""",0.6131471927654584,0.3333333333333333,0.5,1.0,1.0,1.0
5a8257fa55429940e5e1a866,enhanced,Liliuokalani::chunk0;Kalākaua::chunk0;Aloha_ʻOe::chunk0,"The most famous song of the last monarch of Hawaii, Liliʻuokalani, was ""Aloha ʻOe.""",0.9197207891481876,0.6666666666666666,1.0,1.0,1.0,1.0
5a8d8e4f5542994ba4e3dca7,naive,"NG_postcode_area::chunk0;Gamston,_Rushcliffe::chunk0;RM_postcode_area::chunk0","The context does not provide information on the distance from the NG postcode area to Gamston, Rushcliffe.",1.0,0.6666666666666666,1.0,1.0,0.5,0.5555555555555556
5a8d8e4f5542994ba4e3dca7,enhanced,"Gamston,_Rushcliffe::chunk0;NG_postcode_area::chunk0;LA_postcode_area::chunk0","The context does not contain the information needed to specify how many miles the NG postcode area is from Gamston, Rushcliffe.",1.0,0.6666666666666666,1.0,1.0,0.38461538461538464,0.7777777777777778
5a8a07725542992d82986e5b,naive,Live_at_the_Boarding_House::chunk0;The_Boarding_House_(nightclub)::chunk1;The_Boarding_House_(nightclub)::chunk0,Steve Martin's first three albums were recorded at The Boarding House.,0.38685280723454163,0.6666666666666666,0.5,0.5,1.0,0.5454545454545454
5a8a07725542992d82986e5b,enhanced,The_Boarding_House_(nightclub)::chunk0;Live_at_the_Boarding_House::chunk0;Live_at_the_Boarding_House:_The_Complete_Shows::chunk0,Steve Martin's first three albums were recorded at The Boarding House.,0.6131471927654584,0.3333333333333333,0.5,1.0,1.0,0.5454545454545454
5a79fac85542996c55b2dcc1,naive,Curaçao_Centre_for_Correction_and_Detention::chunk0;Curaçao_Centre_for_Correction_and_Detention::chunk1;Curaçao_and_Dependencies::chunk0,The Curaçao Centre for Correction and Detention changed its name to Sentro di Detenshon i Korekshon Kòrsou at the Dissolution of the Netherlands Antilles on 10 October 2010.,0.6131471927654584,0.6666666666666666,0.5,1.0,1.0,0.75
5a79fac85542996c55b2dcc1,enhanced,Curaçao_Centre_for_Correction_and_Detention::chunk0;Curaçao_and_Dependencies::chunk0;Curaçao_Football_Federation::chunk0,The Curaçao Centre for Correction and Detention changed its name to Sentro di Detenshon i Korekshon Kòrsou at the Dissolution of the Netherlands Antilles on 10 October 2010.,0.6131471927654584,0.3333333333333333,0.5,1.0,1.0,0.75
5a81537355429926c1cdad20,naive,1995_NBA_Finals::chunk0;List_of_Orlando_Magic_seasons::chunk0;Orlando_Magic::chunk0,The Eastern Conference champion Orlando Magic faced the Western Conference champion Houston Rockets in the 1995 NBA Finals.,0.9197207891481876,0.6666666666666666,1.0,1.0,0.9166666666666666,0.3333333333333333
5a81537355429926c1cdad20,enhanced,1995_NBA_Finals::chunk0;2009_NBA_Finals::chunk0;Orlando_Magic::chunk0,The Eastern Conference champion Orlando Magic played against the Western Conference champion Houston Rockets in the 1995 NBA Finals.,0.9197207891481876,0.6666666666666666,1.0,1.0,1.0,0.5
5a721d5a55429971e9dc9283,naive,Ballarat_Bitter::chunk0;Bitter_(beer)::chunk0;India_pale_ale::chunk0,The Australian beer is Ballarat Bitter.,1.0,0.6666666666666666,1.0,1.0,1.0,0.18181818181818182
5a721d5a55429971e9dc9283,enhanced,Ballarat_Bitter::chunk0;Bitter_(beer)::chunk0;Rye_IPA::chunk0,"The Australian beer is Ballarat Bitter, which is a British style pale ale and features the character ""Ballarat Bertie"" on its label.",1.0,0.6666666666666666,1.0,1.0,0.9166666666666666,0.8181818181818182
5a7aa2a255429941d65f270e,naive,Chester_Bennington::chunk0;Mikael_Stanne::chunk0;High_Rise_(EP)::chunk0,"Chester Bennington was born first on March 20, 1976, while Mikael Stanne was born later on May 20, 1974.",1.0,0.6666666666666666,1.0,1.0,0.8461538461538461,1.0
5a7aa2a255429941d65f270e,enhanced,Mikael_Stanne::chunk0;Chester_Bennington::chunk0;The_Hunting_Party_Tour::chunk1,"Mikael Stanne was born first on May 20, 1974, while Chester Bennington was born on March 20, 1976.",1.0,0.6666666666666666,1.0,1.0,0.9166666666666666,1.0
5abe6f8455429965af743f03,naive,Robert_brothers::chunk0;Jacques_Charles::chunk0;Émile_Jouguet::chunk0,France.,1.0,0.6666666666666666,1.0,1.0,0.0,0.0
5abe6f8455429965af743f03,enhanced,Robert_brothers::chunk0;Jacques_Charles::chunk0;Émile_Jouguet::chunk0,They all have France in common as their country of origin.,1.0,0.6666666666666666,1.0,1.0,0.2857142857142857,0.42857142857142855
5ae7257a554299572ea54731,naive,V_for_Vendetta_(film)::chunk0;Selina_Giles::chunk0;Sucker_Punch_(2011_film)::chunk0,"Selina Giles played Evey's mother in the film ""V for Vendetta.""",1.0,0.6666666666666666,1.0,1.0,0.875,0.36363636363636365
5ae7257a554299572ea54731,enhanced,V_for_Vendetta_(film)::chunk0;Selina_Giles::chunk0;St._Urbain's_Horseman_(TV_series)::chunk0,"Selina Giles played Evey's mother in the film ""V for Vendetta.""",1.0,0.6666666666666666,1.0,1.0,0.875,0.36363636363636365
5ac0e0e25542997d64295a6f,naive,Dionne_Bunsha::chunk0;Muse_(children's_magazine)::chunk1;Sylph_(magazine)::chunk1,"Dionne Bunsha worked most recently for ""Frontline"" magazine, but the context does not specify the company that publishes it.",0.6131471927654584,0.3333333333333333,0.5,1.0,0.6153846153846154,0.875
5ac0e0e25542997d64295a6f,enhanced,Dionne_Bunsha::chunk0;Scarred:_Experiments_with_Violence_in_Gujarat::chunk0;Muse_(children's_magazine)::chunk0,"Dionne Bunsha worked most recently for ""Frontline"" magazine. The context does not specify the company that publishes ""Frontline.""",0.6131471927654584,0.3333333333333333,0.5,1.0,0.6666666666666666,0.875
5a72688c5542997f827839b2,naive,Valens_Aqueduct::chunk0;Atik_Valide_Mosque::chunk0;Yeni_Valide_Mosque::chunk0,Both the Atik Valide Mosque and the Valens Aqueduct are found in Turkey.,1.0,0.6666666666666666,1.0,1.0,0.75,0.8571428571428571
5a72688c5542997f827839b2,enhanced,Atik_Valide_Mosque::chunk0;Valens_Aqueduct::chunk0;Atik_Ali_Pasha_Mosque::chunk0,Both the Atik Valide Mosque and Valens Aqueduct are located in Turkey.,1.0,0.6666666666666666,1.0,1.0,0.875,0.7142857142857143
5adea0c5554299728e26c776,naive,M._P._Shiel::chunk0;Helen_Dunmore::chunk0;Zennor_in_Darkness::chunk0,"No, only M. P. Shiel is of West Indian descent; the context does not mention Helen Dunmore's descent.",1.0,0.6666666666666666,1.0,1.0,0.5384615384615384,0.7777777777777778
5adea0c5554299728e26c776,enhanced,M._P._Shiel::chunk0;Helen_Dunmore::chunk0;The_Siege_(Dunmore_novel)::chunk0,"No, only M. P. Shiel is of West Indian descent; the context does not mention Helen Dunmore's descent.",1.0,0.6666666666666666,1.0,1.0,0.5384615384615384,0.7777777777777778
5ab8372255429919ba4e226b,naive,Blue_Letter::chunk0;Music_of_Ohio::chunk0;Rock_and_Roll_Hall_of_Fame::chunk0,"The band that wrote the song ""Blue Letter"" is Fleetwood Mac, and they were inducted into the Rock and Roll Hall of Fame in 1998.",0.6131471927654584,0.3333333333333333,0.5,1.0,0.8,1.0
5ab8372255429919ba4e226b,enhanced,Blue_Letter::chunk0;The_Midnighters::chunk1;Fleetwood_Mac::chunk0,"Fleetwood Mac wrote the song ""Blue Letter"" and was inducted into the Rock and Roll Hall of Fame in 1998.",0.9197207891481876,0.6666666666666666,1.0,1.0,0.9230769230769231,0.9166666666666666
5ac0e064554299012d1db64e,naive,Albania::chunk0;Albania::chunk1;Birgunj::chunk1,"The municipality of Mirditë is in Albania, a country that had a total population of almost 3 million people as of 2016.",0.6131471927654584,0.6666666666666666,0.5,1.0,0.8181818181818182,0.6666666666666666
5ac0e064554299012d1db64e,enhanced,"Albania::chunk0;Almoharín::chunk0;Cathedral_of_Jesus_Saviour_of_the_World,_Rrëshen::chunk0","The municipality of Mirditë is in Albania, which had a total population of almost 3 million people as of 2016.",0.9197207891481876,0.6666666666666666,1.0,1.0,1.0,0.5
5a8574945542997b5ce3fffb,naive,Gimme_Shelter_(1970_film)::chunk0;LaLee's_Kin:_The_Legacy_of_Cotton::chunk0;Gimme_Shelter_(disambiguation)::chunk0,LaLee's Kin: The Legacy of Cotton was Oscar nominated.,1.0,0.6666666666666666,1.0,1.0,0.8333333333333334,0.46153846153846156
5a8574945542997b5ce3fffb,enhanced,LaLee's_Kin:_The_Legacy_of_Cotton::chunk0;Gimme_Shelter_(1970_film)::chunk0;Baird_Bryant::chunk0,LaLee's Kin: The Legacy of Cotton was Oscar nominated.,1.0,0.6666666666666666,1.0,1.0,0.8333333333333334,0.46153846153846156
5a8704f8554299211dda2ba4,naive,Kingdom_of_the_Isles::chunk1;List_of_rulers_of_the_Kingdom_of_the_Isles::chunk1;List_of_rulers_of_the_Kingdom_of_the_Isles::chunk0,The name of the Isles is the Kingdom of the Isles.,0.6131471927654584,0.3333333333333333,0.5,1.0,0.6666666666666666,0.15384615384615385
5a8704f8554299211dda2ba4,enhanced,Aonghus_Mór::chunk0;Lord_of_Islay::chunk0;Kingdom_of_the_Isles::chunk0,The Isles led by Aonghus Mór are known as the Kingdom of the Isles.,0.9197207891481876,0.6666666666666666,1.0,1.0,0.8571428571428571,0.38461538461538464
5a81d1f0554299676cceb0ee,naive,Messiah_Part_I::chunk0;Messiah_Part_III::chunk0;Messiah_Part_II::chunk0,Part I of Handel's Messiah covers the birth of the child born in Bethlehem.,0.3065735963827292,0.3333333333333333,0.5,0.3333333333333333,0.5555555555555556,0.6666666666666666
5a81d1f0554299676cceb0ee,enhanced,Nativity_of_Jesus::chunk0;Messiah_Part_III::chunk0;Messiah_Part_I::chunk0,"Part I of Handel's Messiah covers the birth of the child who was born in Bethlehem, as it begins with the prophecy of the Messiah and his virgin birth, followed by the annunciation to the shepherds from the Gospel of Luke.",0.6131471927654584,0.3333333333333333,0.5,1.0,0.8888888888888888,0.75
5a7bf84b5542996dd594b875,naive,In_a_Better_World::chunk0;Sisse_Graum_Jørgensen::chunk0;Babette's_Feast::chunk0,"The Danish drama thriller produced by Sisse Graum Jørgensen that takes place in both Denmark and Africa is ""Hævnen"" (In a Better World).",1.0,0.6666666666666666,1.0,1.0,0.9411764705882353,1.0
5a7bf84b5542996dd594b875,enhanced,In_a_Better_World::chunk0;Sisse_Graum_Jørgensen::chunk0;A_Place_Nearby::chunk0,"The Danish drama thriller produced by Sisse Graum Jørgensen that takes place in both Denmark and Africa is ""Hævnen"" (In a Better World).",1.0,0.6666666666666666,1.0,1.0,0.9411764705882353,1.0
5ab69e4f554299710c8d1eee,naive,Katie_Sagona::chunk0;Child_actor::chunk0;Sumona_Chakravarti::chunk0,Katie Sagona is known as a child actress.,1.0,0.6666666666666666,1.0,1.0,0.8,0.3076923076923077
5ab69e4f554299710c8d1eee,enhanced,Katie_Sagona::chunk0;Child_actor::chunk0;Ivar_Brogger::chunk0,Katie Sagona is known as a child actress.,1.0,0.6666666666666666,1.0,1.0,1.0,0.3076923076923077
5ae64ad25542995703ce8b4f,naive,Order_of_battle_at_the_Battle_of_San_Domingo::chunk1;Action_of_7_October_1795::chunk0;Battle_of_Tellicherry::chunk1,The context does not provide the name of the commander who captured all of the French ships.,0.0,0.0,0.0,0.0,0.4444444444444444,0.75
5ae64ad25542995703ce8b4f,enhanced,Action_of_18_November_1809::chunk0;Action_of_7_October_1795::chunk0;Order_of_battle_at_the_Battle_of_San_Domingo::chunk0,The context does not provide the name of a commander who captured all of the French ships.,0.0,0.0,0.0,0.0,0.5555555555555556,0.75
5a7571135542992d0ec05f98,naive,Ralph_Hefferline::chunk0;David_C._Funder::chunk0;Frank_L._Schmidt::chunk0,"Ralph Hefferline was a psychology professor at Columbia University, which is located in New York City.",0.6131471927654584,0.3333333333333333,0.5,1.0,0.6,1.0
5a7571135542992d0ec05f98,enhanced,Ralph_Hefferline::chunk0;David_C._Funder::chunk0;Stanley_Coren::chunk0,"Ralph Hefferline was a psychology professor at Columbia University, which is located in New York City.",0.6131471927654584,0.3333333333333333,0.5,1.0,0.6,1.0
5a8f2fed55429918e830d1c7,naive,The_Yardbirds::chunk0;Bo_Diddley::chunk0;Bo_Diddley_(song)::chunk0,Both Bo Diddley and The Yardbirds played rock and roll music during their careers.,1.0,0.6666666666666666,1.0,1.0,0.7272727272727273,0.8181818181818182
5a8f2fed55429918e830d1c7,enhanced,Bo_Diddley::chunk0;The_Yardbirds::chunk0;Bo_Diddley_(1958_album)::chunk0,Both Bo Diddley and The Yardbirds played rock and roll music during their careers.,1.0,0.6666666666666666,1.0,1.0,0.7272727272727273,0.8181818181818182
5ab596d95542992aa134a371,naive,Sanming::chunk0;Jiutai_District::chunk0;Nanping::chunk0,"Sanming is located in western Fujian province, China, while Jiutai District is located in Jilin province, China.",1.0,0.6666666666666666,1.0,1.0,0.9,0.8
5ab596d95542992aa134a371,enhanced,Jiutai_District::chunk0;Sanming::chunk0;Kuancheng_District::chunk0,The context does not contain the answer to where both Sanming and Jiutai District are located.,1.0,0.6666666666666666,1.0,1.0,0.4444444444444444,1.0
5a71214d5542994082a3e5b9,naive,Los_Angeles_Dance_Theater::chunk0;Les_Ballets_1933::chunk0;American_Ballet::chunk0,"The Los Angeles Dance Theater was founded by George Balanchine protege John Clifford to create a live stage version of the film ""Casablanca.""",0.6131471927654584,0.3333333333333333,0.5,1.0,1.0,0.75
5a71214d5542994082a3e5b9,enhanced,Los_Angeles_Dance_Theater::chunk0;John_Clifford_(choreographer)::chunk0;American_Ballet::chunk0,"The Los Angeles Dance Theater was founded by John Clifford, a protege of George Balanchine, to create a live stage version of the film ""Casablanca.""",0.6131471927654584,0.3333333333333333,0.5,1.0,0.9375,0.75
5ac298f9554299657fa28fc9,naive,Ian_Watkins_(Lostprophets)::chunk0;Josey_Scott::chunk0;Lostprophets::chunk0,"Ian Watkins was incarcerated, impacting his career with the rock band Lostprophets.",1.0,0.6666666666666666,1.0,1.0,0.5555555555555556,0.5
5ac298f9554299657fa28fc9,enhanced,Ian_Watkins_(Lostprophets)::chunk0;Josey_Scott::chunk0;Lostprophets::chunk0,"Ian Watkins was incarcerated, impacting his career with the rock band Lostprophets.",1.0,0.6666666666666666,1.0,1.0,0.5555555555555556,0.5
5ae35e8c5542990afbd1e120,naive,Paul_Freeman_(cryptozoologist)::chunk0;Museum_of_Plaster_Casts_(Thessaloniki)::chunk0;Plaster_Caster::chunk0,The anthropologists who considered the plaster casts discovered by Paul Freeman as critical pieces of evidence are Jeff Meldrum of Idaho State University and Grover Krantz of Washington State University.,0.6131471927654584,0.3333333333333333,0.5,1.0,1.0,0.7
5ae35e8c5542990afbd1e120,enhanced,Paul_Freeman_(cryptozoologist)::chunk0;Museum_of_Plaster_Casts_(Thessaloniki)::chunk0;H._Winnett_Orr::chunk0,The anthropologists who considered the plaster casts discovered by Paul Freeman to be critical pieces of evidence were Jeff Meldrum and Grover Krantz.,0.6131471927654584,0.3333333333333333,0.5,1.0,1.0,0.7
5ae616ce5542992663a4f259,naive,The_Uninvited_(2009_film)::chunk0;Hollow_(2011_horror_film)::chunk0;Sucker_Punch_(2011_film)::chunk0,"The co-directors of the psychological horror film ""The Uninvited,"" starring Emily Browning and Elizabeth Banks, are the Guard Brothers.",0.6131471927654584,0.3333333333333333,0.5,1.0,0.9230769230769231,0.9090909090909091
5ae616ce5542992663a4f259,enhanced,The_Uninvited_(2009_film)::chunk0;Magic_Magic_(2013_film)::chunk0;Movie_43::chunk0,"The co-directors of the psychological horror film ""The Uninvited"" starring Emily Browning and Elizabeth Banks are the Guard Brothers.",0.6131471927654584,0.3333333333333333,0.5,1.0,0.9230769230769231,0.9090909090909091
5abbc3a955429931dba144f9,naive,National_Road::chunk0;Montana_Highway_87::chunk1;Portage_Glacier_Highway::chunk1,"The first major improved highway, the National Road, is located in the United States, connecting the Potomac and Ohio Rivers.",0.6131471927654584,0.3333333333333333,0.5,1.0,0.8461538461538461,1.0
5abbc3a955429931dba144f9,enhanced,"National_Road::chunk0;Iowa_Highway_28::chunk0;Morrison,_Illinois::chunk0","The first major improved highway, the National Road, is located in the United States, connecting the Potomac and Ohio Rivers.",0.6131471927654584,0.3333333333333333,0.5,1.0,0.9230769230769231,1.0
5adfe6c455429906c02daa85,naive,Gurney_Paragon::chunk0;Gurney's_Bank_(Norwich)::chunk0;Pekan_Gurney::chunk0,The context does not contain the answer.,0.6131471927654584,0.3333333333333333,0.5,1.0,0.0,0.0
5adfe6c455429906c02daa85,enhanced,Gurney_Paragon::chunk0;Godiva_Chocolatier::chunk0;Gurney's_Bank_(Norwich)::chunk0,The store in Gurney Paragon that was founded in Belgium in 1926 is Godiva.,1.0,0.6666666666666666,1.0,1.0,0.8571428571428571,1.0
5a7f924c55429969796c1aba,naive,The_Ricky_Gervais_Show::chunk0;Full_Frontal_(Australian_TV_series)::chunk0;List_of_The_Ricky_Gervais_Show_episodes::chunk0,The context does not contain the answer.,0.0,0.0,0.0,0.0,0.0,0.0
5a7f924c55429969796c1aba,enhanced,Special_Correspondents::chunk0;David_Brent:_Life_on_the_Road::chunk0;The_Ricky_Gervais_Show::chunk0,The context does not contain the answer.,0.6131471927654584,0.3333333333333333,0.5,1.0,0.25,0.0
5ab938fb554299131ca422ce,naive,Bürgerbräukeller::chunk0;Löwenbräu::chunk0;Todtnauberg::chunk0,"Both Löwenbräu and Bürgerbräukeller are located in Munich, Germany.",1.0,0.6666666666666666,1.0,1.0,0.9,1.0
5ab938fb554299131ca422ce,enhanced,Bürgerbräukeller::chunk0;Löwenbräu::chunk0;Bramsløkke::chunk0,"Both Löwenbräu and Bürgerbräukeller are located in Munich, Germany.",1.0,0.6666666666666666,1.0,1.0,0.9,1.0
5ae1e80b5542997f29b3c197,naive,Progress_MS-09::chunk0;Progress_M-8::chunk0;Progress_M-15::chunk0,The context does not provide information about the year the satellite that Progress MS-09 resupplied was first launched into orbit.,0.6131471927654584,0.3333333333333333,0.5,1.0,0.4666666666666667,0.8181818181818182
5ae1e80b5542997f29b3c197,enhanced,Progress_MS-09::chunk0;Progress_M-17::chunk0;Progress_M-15::chunk0,The context does not provide information about the year the satellite was launched that Progress MS-09 was used to resupply.,0.6131471927654584,0.3333333333333333,0.5,1.0,0.6153846153846154,0.7272727272727273
5a89e3995542992e4fca844d,naive,"H-63_(Michigan_county_highway)::chunk0;M-47_(Michigan_highway)::chunk0;Saginaw_County,_Michigan::chunk0",H-63 runs near the county seat of Saginaw County.,0.6131471927654584,0.3333333333333333,0.5,1.0,1.0,0.75
5a89e3995542992e4fca844d,enhanced,"H-63_(Michigan_county_highway)::chunk0;County_Road_492_(Marquette_County,_Michigan)::chunk0;M-47_(Michigan_highway)::chunk0",The context does not provide information about the county seat of the county that H-63 runs near.,0.6131471927654584,0.3333333333333333,0.5,1.0,0.45454545454545453,0.75
5ab8919655429934fafe6e13,naive,1994_British_Army_Lynx_shootdown::chunk0;Westland_Scout::chunk0;1982_British_Army_Gazelle_friendly_fire_incident::chunk0,"The Provisional Irish Republican Army (IRA) used an improvised mortar, described as a ""Barrack buster,"" to shoot down the British Army Lynx helicopter.",0.6131471927654584,0.3333333333333333,0.5,1.0,0.6875,1.0
5ab8919655429934fafe6e13,enhanced,1994_British_Army_Lynx_shootdown::chunk0;Barrack_buster::chunk0;AgustaWestland_AW159_Wildcat::chunk0,The Provisional Irish Republican Army (IRA) used a Barrack buster to shoot down the British Army Lynx helicopter.,1.0,0.6666666666666666,1.0,1.0,0.8461538461538461,1.0
5add18345542994ed6169c7e,naive,Lincoln_Memorial_Railsplitters::chunk0;Lincoln_College_(Illinois)::chunk0;Lincoln_Memorial_University::chunk0,The liberal arts college with athletic teams named the Lincoln Memorial Railsplitters is Lincoln Memorial University.,0.9197207891481876,0.6666666666666666,1.0,1.0,0.9,0.9
5add18345542994ed6169c7e,enhanced,Lincoln_Memorial_Railsplitters::chunk0;Lincoln_Memorial_University::chunk0;Lincoln_College_(Illinois)::chunk0,The liberal arts college with athletic teams named the Lincoln Memorial Railsplitters is Lincoln Memorial University.,1.0,0.6666666666666666,1.0,1.0,1.0,0.9
5a825b0e55429954d2e2eb0c,naive,Lucy_Maud_Montgomery::chunk0;Anne_of_Ingleside::chunk0;Anne_of_Green_Gables::chunk0,The context does not contain the answer to this question.,0.3065735963827292,0.3333333333333333,0.5,0.3333333333333333,0.2,0.0
5a825b0e55429954d2e2eb0c,enhanced,Lucy_Maud_Montgomery::chunk0;Anne_of_Ingleside::chunk0;Anne_Shirley::chunk0,The provided context does not contain the answer to the question.,0.0,0.0,0.0,0.0,0.16666666666666666,0.0
5ab54056554299488d4d9923,naive,Yasuzo_Masumura::chunk0;Pitof::chunk0;Makiko_Futaki::chunk0,"No, Yasuzo Masumura was Japanese and a film director, while Pitof is French and a visual effects supervisor and director, so they do not hail from the same country or professional career.",1.0,0.6666666666666666,1.0,1.0,0.5,1.0
5ab54056554299488d4d9923,enhanced,Yasuzo_Masumura::chunk0;Ayako_Wakao::chunk0;Red_Angel::chunk0,"The context does not provide information about Pitof, so I cannot answer the question.",0.6131471927654584,0.3333333333333333,0.5,1.0,0.0,0.125
5a8a416955429930ff3c0d2b,naive,Star_vs._the_Forces_of_Evil::chunk0;Eric_Radomski::chunk0;Pair_of_Kings::chunk1,"The context does not provide information about what Eric Radomski produced that premiered on Disney XD on May 26, 2013.",0.38685280723454163,0.3333333333333333,0.5,0.5,0.5,0.8888888888888888
5a8a416955429930ff3c0d2b,enhanced,Eric_Radomski::chunk0;Avengers_Assemble_(TV_series)::chunk0;T&amp;M_(TV_series)::chunk0,"Eric Radomski produced ""Avengers Assemble,"" which premiered on Disney XD on May 26, 2013.",1.0,0.6666666666666666,1.0,1.0,0.9090909090909091,0.8888888888888888
5a729fe55542991f9a20c53b,naive,Leyden_jar::chunk0;Tribometer::chunk0;Pieter_van_Musschenbroek::chunk0,The context does not contain the answer to this question.,0.6934264036172708,0.6666666666666666,1.0,0.5,0.0,0.0
5a729fe55542991f9a20c53b,enhanced,Pieter_van_Musschenbroek::chunk0;Tribometer::chunk0;Leyden_jar::chunk0,Pieter van Musschenbroek is credited with inventing both the Leyden jar and the tribometer.,1.0,0.6666666666666666,1.0,1.0,0.7777777777777778,0.75
5abee41a5542993fe9a41d79,naive,Australian_Street_Stock_Championship::chunk0;Dirt_track_racing_in_Australia::chunk0;List_of_dirt_track_ovals_in_South_Africa::chunk0,The Australian Street Stock Championship is a Dirt track racing championship.,0.6131471927654584,0.3333333333333333,0.5,1.0,1.0,0.42857142857142855
5abee41a5542993fe9a41d79,enhanced,Dirt_track_racing_in_Australia::chunk0;Dirt_track_racing::chunk0;Australian_Street_Stock_Championship::chunk0,The Australian Street Stock Championship is a Dirt track racing championship.,0.6934264036172708,0.6666666666666666,1.0,0.5,1.0,0.42857142857142855
5a8327fd5542990548d0b1a3,naive,"Forest_Hill,_Texas::chunk0;Fort_Worth,_Texas::chunk0;Dallas_County,_Texas::chunk0","Forest Hill, Texas is a suburb of Fort Worth, which is the fifth-largest city in the state.",1.0,0.6666666666666666,1.0,1.0,1.0,1.0
5a8327fd5542990548d0b1a3,enhanced,"Forest_Hill,_Texas::chunk0;Forest_Hill,_New_South_Wales::chunk0;Forest_Hill,_Victoria::chunk0","Forest Hill, Texas is a suburb of Fort Worth, which is the fifth-largest city in the state.",0.6131471927654584,0.3333333333333333,0.5,1.0,0.7,1.0
5a7264ed5542990c210a411a,naive,Lebensraum::chunk0;Blood_and_Soil::chunk0;Nazi_Germany::chunk1,"The slogan that came about from the idea of Lebensraum and was supported by the Nazi Party until the end of World War II is ""Blood and soil"" (German: ""Blut und Boden"").",1.0,0.6666666666666666,1.0,1.0,0.8947368421052632,0.8125
5a7264ed5542990c210a411a,enhanced,Lebensraum::chunk0;Blood_and_Soil::chunk0;Betriebsobmann::chunk0,"The slogan that came about from the idea of Lebensraum and was supported by the Nazi Party until the end of World War II is ""Blood and soil"" (German: ""Blut und Boden"").",1.0,0.6666666666666666,1.0,1.0,0.8947368421052632,0.8125
5a74cfc75542996c70cfadfe,naive,2016_Oklahoma_Sooners_football_team::chunk0;2016_Auburn_Tigers_football_team::chunk0;List_of_Oklahoma_Sooners_head_football_coaches::chunk0,"The 2016 Oklahoma Sooners football team, coached by Bob Stoops, beat the 2016 Auburn Tigers in the Sugar Bowl.",1.0,0.6666666666666666,1.0,1.0,0.8461538461538461,1.0
5a74cfc75542996c70cfadfe,enhanced,2016_Auburn_Tigers_football_team::chunk0;2016_Oklahoma_Sooners_football_team::chunk0;2011_Auburn_Tigers_football_team::chunk0,"The 2016 Oklahoma Sooners football team, coached by Bob Stoops, beat the 2016 Auburn Tigers in the Sugar Bowl.",1.0,0.6666666666666666,1.0,1.0,0.9230769230769231,1.0
5abe3c7555429965af743ea5,naive,"Newburgh,_Indiana::chunk0;Elbridge_Gerry::chunk0;Schuyler,_Nebraska::chunk0","According to the 2010 census, the population of Schuyler, Nebraska, named after Vice President Schuyler Colfax, was 6,211.",0.38685280723454163,0.3333333333333333,0.5,0.5,0.9230769230769231,0.7272727272727273
5abe3c7555429965af743ea5,enhanced,"Tompkinsville,_Kentucky::chunk0;Schuyler,_Nebraska::chunk0;Elbridge,_New_York::chunk0","The population of Tompkinsville, named after Vice President Daniel D. Tompkins, was 2,402 according to the 2010 census.",0.3065735963827292,0.3333333333333333,0.5,0.3333333333333333,0.9285714285714286,0.7272727272727273
5a88a5645542997e5c09a679,naive,Cherry_Hill_Park::chunk1;Bo_Diddley_(song)::chunk1;Restless_(Carl_Perkins_song)::chunk0,The context does not contain the answer.,0.0,0.0,0.0,0.0,0.0,0.0
5a88a5645542997e5c09a679,enhanced,Personal_Preference::chunk0;Take_It_Easy_(game)::chunk0;Personal_Taste::chunk0,"Personal Preference was published first in 1987, while Take It Easy was published in 1983.",1.0,0.6666666666666666,1.0,1.0,0.7777777777777778,1.0
5a8756aa5542994846c1cd69,naive,Wapping::chunk0;Prospect_of_Whitby::chunk0;Town_of_Ramsgate::chunk0,"Wapping has the oldest riverside tavern, the Prospect of Whitby, dating from around 1520.",1.0,0.6666666666666666,1.0,1.0,1.0,0.8333333333333334
5a8756aa5542994846c1cd69,enhanced,Prospect_of_Whitby::chunk0;Town_of_Ramsgate::chunk0;Wapping::chunk0,"Wapping has the oldest riverside tavern, the Prospect of Whitby, dating from around 1520.",0.9197207891481876,0.6666666666666666,1.0,1.0,1.0,0.8333333333333334
5a83ab355542990548d0b218,naive,Paola_Suárez::chunk0;Michael_Venus_(tennis)::chunk0;1999_Egger_Tennis_Festival_–_Doubles::chunk0,"Paola Suárez held the No. 1 doubles ranking, while Michael Venus reached a career high singles ranking of 274. Thus, Paola Suárez was the higher ranked player.",1.0,0.6666666666666666,1.0,1.0,0.85,0.8888888888888888
5a83ab355542990548d0b218,enhanced,Michael_Venus_(tennis)::chunk0;Paola_Suárez::chunk0;Clarisa_Fernández::chunk0,"Paola Suárez was a higher ranked tennis player, reaching the No. 1 doubles ranking, while Michael Venus's highest ranking was 12 in doubles.",1.0,0.6666666666666666,1.0,1.0,0.7647058823529411,0.8888888888888888
5abe407155429976d4830ab4,naive,Joe_Orton::chunk0;Bernard-Marie_Koltès::chunk0;What_the_Butler_Saw_(play)::chunk0,"Yes, both Joe Orton and Bernard-Marie Koltès are playwrights.",1.0,0.6666666666666666,1.0,1.0,0.6666666666666666,1.0
5abe407155429976d4830ab4,enhanced,Bernard-Marie_Koltès::chunk0;Joe_Orton::chunk0;Prick_Up_Your_Ears::chunk0,"Yes, both Joe Orton and Bernard-Marie Koltès are playwrights.",1.0,0.6666666666666666,1.0,1.0,0.6666666666666666,1.0
5a769b115542993569682c51,naive,The_New_Nashville_Cats::chunk0;Restless_(Carl_Perkins_song)::chunk0;Restless_(Carl_Perkins_song)::chunk1,"The American bluegrass singer who performed ""Restless"" with The New Nashville Cats is Ricky Skaggs.",0.38685280723454163,0.6666666666666666,0.5,0.5,0.7,0.8888888888888888
5a769b115542993569682c51,enhanced,The_New_Nashville_Cats::chunk0;Restless_(Carl_Perkins_song)::chunk0;The_Ballad_of_Sally_Anne::chunk0,"The American bluegrass singer who performed ""Restless"" with The New Nashville Cats is Ricky Skaggs.",0.38685280723454163,0.3333333333333333,0.5,0.5,0.7,0.8888888888888888
5abb8a9b5542996cc5e4a016,naive,Philip_José_Farmer::chunk0;Bernard-Marie_Koltès::chunk0;Farmerphile:_The_Magazine_of_Philip_José_Farmer::chunk0,Philip José Farmer lived longer than Bernard-Marie Koltès.,1.0,0.6666666666666666,1.0,1.0,0.7777777777777778,1.0
5abb8a9b5542996cc5e4a016,enhanced,Bernard-Marie_Koltès::chunk0;Philip_José_Farmer::chunk0;Up_from_the_Bottomless_Pit_and_Other_Stories::chunk0,Philip José Farmer lived longer than Bernard-Marie Koltès.,1.0,0.6666666666666666,1.0,1.0,0.7777777777777778,1.0
5adf4b335542993a75d264a5,naive,Paul_DeBoy::chunk0;Red_Dead_Redemption::chunk0;Red_Dead_Revolver::chunk0,Paul DeBoy is known for an appearance in the Western action-adventure game developed by Rockstar Games.,1.0,0.6666666666666666,1.0,1.0,0.9090909090909091,0.9
5adf4b335542993a75d264a5,enhanced,Paul_DeBoy::chunk0;Red_Dead_Redemption::chunk0;Red_Dead_Redemption_II::chunk0,Paul DeBoy is known for an appearance in the Western action-adventure game developed by Rockstar Games.,1.0,0.6666666666666666,1.0,1.0,0.9090909090909091,0.9
5a8a19c45542992e4fca8501,naive,The_Pogues::chunk0;Pillar_(band)::chunk0;Scheer_(band)::chunk0,"No, neither The Pogues nor Pillar is an electronic dance music group.",1.0,0.6666666666666666,1.0,1.0,0.2222222222222222,0.8571428571428571
5a8a19c45542992e4fca8501,enhanced,The_Pogues::chunk0;LiveSummit::chunk0;Pillar_(band)::chunk0,"No, neither The Pogues nor Pillar are an electronic dance music group. The Pogues are an Irish punk band, and Pillar is a Christian rock band.",0.9197207891481876,0.6666666666666666,1.0,1.0,0.7857142857142857,0.8571428571428571
5ac2f34455429921a00ab0b6,naive,Bill_Daly::chunk0;William_Merrigan_Daly::chunk0;Gary_Bettman::chunk0,Both Bill Daly and Gary Bettman graduated from New York University School of Law.,0.9197207891481876,0.6666666666666666,1.0,1.0,0.8181818181818182,0.8571428571428571
5ac2f34455429921a00ab0b6,enhanced,Bill_Daly::chunk0;Gary_Bettman::chunk0;Bill_Daly_(footballer)::chunk0,"Bill Daly graduated from New York University School of Law, which Gary Bettman also graduated from.",1.0,0.6666666666666666,1.0,1.0,0.9,0.8571428571428571
5a7e040f5542990b8f503b13,naive,Bruce_Conner::chunk0;Nils_Gaup::chunk0;Take_the_5:10_to_Dreamland::chunk0,"Bruce Conner was born first, on November 18, 1933, while Nils Gaup was born on April 12, 1955.",1.0,0.6666666666666666,1.0,1.0,0.8461538461538461,1.0
5a7e040f5542990b8f503b13,enhanced,Nils_Gaup::chunk0;Bruce_Conner::chunk0;Hodet_over_vannet::chunk0,"Bruce Conner was born first on November 18, 1933, while Nils Gaup was born on April 12, 1955.",1.0,0.6666666666666666,1.0,1.0,0.8461538461538461,1.0
5a8f186055429918e830d186,naive,Dungeons_&amp;_Dragons_retro-clones::chunk0;OSRIC::chunk0;Paragon_Software::chunk0,"OSRIC is one of the most successful retro-clones that emulates an edition of ""Dungeons & Dragons"" no longer supported by Wizards of the Coast.",1.0,0.6666666666666666,1.0,1.0,0.9333333333333333,1.0
5a8f186055429918e830d186,enhanced,Dungeons_&amp;_Dragons_retro-clones::chunk0;OSRIC::chunk0;Canoma::chunk0,"OSRIC is one of the most successful retro-clones, but it is not stated that it is no longer supported by Wizards of the Coast; the context does not provide this information.",1.0,0.6666666666666666,1.0,1.0,0.6470588235294118,1.0
5ac4fbe255429924173fb53b,naive,Spring_Baking_Championship_(season_3)::chunk0;Spring_Baking_Championship_(season_1)::chunk0;Spring_Baking_Championship_(season_2)::chunk0,The context does not contain information about the birth dates of the judges of the Spring Baking Championship.,0.0,0.0,0.0,0.0,0.36363636363636365,0.3333333333333333
5ac4fbe255429924173fb53b,enhanced,Spring_Baking_Championship::chunk0;Spring_Baking_Championship_(season_3)::chunk0;Spring_Baking_Championship_(season_2)::chunk0,The context does not provide information about the birth dates of the judges of the Spring Baking Championship.,0.6131471927654584,0.3333333333333333,0.5,1.0,0.36363636363636365,0.3333333333333333
5a8591715542994c784ddb27,naive,Cuba_Gooding_Jr.::chunk0;Good_Boy!::chunk0;Breakthrough_role::chunk0,"The context does not provide information about the actors or their roles in ""Good Boy!"" or their origins, so I cannot answer the question.",0.38685280723454163,0.3333333333333333,0.5,0.5,0.25,0.25
5a8591715542994c784ddb27,enhanced,Good_Boy!::chunk0;Brittany_Murphy::chunk0;Breakthrough_role::chunk0,"The breakthrough role of Brittany Murphy, the actor starring in Good Boy! and a native of Atlanta, was as Tai Frasier in ""Clueless"" (1995).",1.0,0.6666666666666666,1.0,1.0,0.9285714285714286,1.0
5a8ee3a755429917b4a5be02,naive,"College_Humor_(film)::chunk0;Hallelujah,_I'm_a_Bum_(film)::chunk0;Bing_Crosby::chunk0","College Humor starred Harry Lillis ""Bing"" Crosby Jr., who is known for his trademark warm bass-baritone voice.",0.9197207891481876,0.6666666666666666,1.0,1.0,0.8,0.47058823529411764
5a8ee3a755429917b4a5be02,enhanced,"College_Humor_(film)::chunk0;Hello,_Everybody!::chunk0;Girl_Without_a_Room::chunk0","College Humor starred Bing Crosby, who is known for his trademark warm bass-baritone voice.",0.6131471927654584,0.3333333333333333,0.5,1.0,0.3333333333333333,0.47058823529411764
5ab985eb554299131ca42360,naive,Greyia::chunk0;Calibanus::chunk0;Pison::chunk0,"Greyia contains more species, with three species compared to Calibanus, which has two species.",1.0,0.6666666666666666,1.0,1.0,0.875,0.7142857142857143
5ab985eb554299131ca42360,enhanced,Greyia::chunk0;Calibanus::chunk0;Leptofoenus::chunk0,"Calibanus contains more species, with two species compared to Greyia's three species.",1.0,0.6666666666666666,1.0,1.0,0.625,0.5714285714285714
5ab431d855429942dd415ed2,naive,Jaguar_Land_Rover::chunk0;Baker_Hughes::chunk0;UK_Space_Agency::chunk0,"Jaguar Land Rover Limited has its headquarters in Whitley, Coventry, United Kingdom.",0.6131471927654584,0.3333333333333333,0.5,1.0,1.0,0.6666666666666666
5ab431d855429942dd415ed2,enhanced,Jaguar_Land_Rover::chunk0;Valley_Gardens_Middle_School::chunk0;UK_Space_Agency::chunk0,"Jaguar Land Rover Automotive PLC has a headquarters in Whitley, Coventry, United Kingdom.",0.6131471927654584,0.3333333333333333,0.5,1.0,1.0,0.6666666666666666
5a771ead55429966f1a36c7c,naive,Grey_Gardens_(2009_film)::chunk0;Grey_Gardens::chunk0;Grey_Gardens_(musical)::chunk0,The context does not contain the answer.,0.6131471927654584,0.3333333333333333,0.5,1.0,0.25,0.0
5a771ead55429966f1a36c7c,enhanced,Phelan_Beale::chunk0;Grey_Gardens_(2009_film)::chunk0;Grey_Gardens::chunk0,"Ken Howard starred as Phelan Beale, the American attorney, in Grey Gardens.",1.0,0.6666666666666666,1.0,1.0,0.8888888888888888,1.0
5ac46a8b5542991943173980,naive,Royal_Marriages_Act_1772::chunk0;Princess_Charlotte_of_Cambridge::chunk0;Augustus_d'Este::chunk1,Princess Charlotte of Cambridge was born after the repealing of the Royal Marriages Act 1772.,1.0,0.6666666666666666,1.0,1.0,0.9,0.9090909090909091
5ac46a8b5542991943173980,enhanced,Royal_Marriages_Act_1772::chunk0;Princess_Charlotte_of_Cambridge::chunk0;Sarah_Fairbrother::chunk0,Princess Charlotte of Cambridge was born after the repealing of the Royal Marriages Act 1772.,1.0,0.6666666666666666,1.0,1.0,0.9,0.9090909090909091
5abda2b755429933744ab80f,naive,Hermann_Göring::chunk0;End_of_World_War_II_in_Europe::chunk0;Nazi_Germany::chunk1,"World War I, in which Hermann Wilhelm Göring was a veteran fighter pilot, ended in 1918.",0.6131471927654584,0.3333333333333333,0.5,1.0,0.8333333333333334,0.9
5abda2b755429933744ab80f,enhanced,Hermann_Göring::chunk0;Quentin_C._Aanenson::chunk0;Cecil_Chaudhry::chunk0,World War I ended in 1918.,0.6131471927654584,0.3333333333333333,0.5,1.0,0.6,0.2
5adc02445542994650320c4e,naive,Ethel_Winter::chunk0;Alan_Schneider::chunk0;Jean_Erdman::chunk0,"Ethel Winter worked with Jean Erdman, who is an avant-garde theater director.",0.9197207891481876,0.6666666666666666,1.0,1.0,0.8888888888888888,1.0
5adc02445542994650320c4e,enhanced,Ethel_Winter::chunk0;Christoph_Marthaler::chunk0;Ethel_Rojo::chunk0,The context does not provide information about Ethel Winter working with any avant-garde theater director.,0.6131471927654584,0.3333333333333333,0.5,1.0,0.5384615384615384,0.8571428571428571
5a8b128455429971feec463b,naive,Triple_Crown_of_Surfing::chunk0;Dana_Brown::chunk1;Reef_Hawaiian_Pro::chunk0,The women's Vans Triple Crown of Surfing event is hosted at Haleiwa Ali'i Beach Park.,0.6131471927654584,0.3333333333333333,0.5,1.0,0.9090909090909091,0.875
5a8b128455429971feec463b,enhanced,Triple_Crown_of_Surfing::chunk0;Reef_Hawaiian_Pro::chunk0;Andy_Irons::chunk0,The women's Vans Triple Crown of Surfing event is hosted at Haleiwa Ali'i Beach Park.,0.6131471927654584,0.3333333333333333,0.5,1.0,1.0,0.875
5a803ed45542996402f6a496,naive,Liz_Rose::chunk0;List_of_songs_recorded_by_Jessica_Mauboy::chunk1;List_of_songs_recorded_by_Taylor_Swift::chunk0,"The context does not provide information about any specific song released on December 7, 2008 that was co-written by Liz Rose.",0.6131471927654584,0.3333333333333333,0.5,1.0,0.375,1.0
5a803ed45542996402f6a496,enhanced,White_Horse_(Taylor_Swift_song)::chunk0;Picture_to_Burn::chunk0;You_Belong_with_Me::chunk0,"The song ""White Horse,"" released on December 7, 2008, was co-written by Liz Rose.",0.6131471927654584,0.3333333333333333,0.5,1.0,1.0,1.0
5a74c85055429916b0164218,naive,"Alistair_Grant::chunk0;Robin_Bailie::chunk0;Australian_referendum,_1937::chunk0",The context does not provide a clear answer to the question.,0.6131471927654584,0.3333333333333333,0.5,1.0,0.0,0.0
5a74c85055429916b0164218,enhanced,William_Bonfield::chunk0;Robin_Bailie::chunk0;Alistair_Grant::chunk0,"William Bonfield, Robin John Bailie, and Sir Matthew Alistair Grant were all born on 6 March 1937 and were citizens of the United Kingdom.",0.3065735963827292,0.3333333333333333,0.5,0.3333333333333333,0.7647058823529411,0.75
5ac288a95542990b17b153e5,naive,Ali_El-Araby::chunk0;Aly_Mohamed::chunk0;King_Faisal_Babes_F.C.::chunk0,"Aly Mohamed plays for ENPPI, which is an Egyptian Premier League club based in Egypt.",0.38685280723454163,0.3333333333333333,0.5,0.5,0.9,0.6
5ac288a95542990b17b153e5,enhanced,Ali_El-Araby::chunk0;Aly_Mohamed::chunk0;King_Faisal_Babes_F.C.::chunk0,"Aly Mohamed plays for ENPPI, which is based in Egypt.",0.38685280723454163,0.3333333333333333,0.5,0.5,0.8333333333333334,0.4
5ab2123155429970612095b9,naive,"Atatürk_Museum_Mansion::chunk0;Atatürk_Museum,_Şişli::chunk0;Mersin_Atatürk_Museum::chunk0","Mustafa Kemal Atatürk's residence became the Atatürk Museum Mansion, a historic house museum.",0.6131471927654584,0.3333333333333333,0.5,1.0,0.8181818181818182,0.8181818181818182
5ab2123155429970612095b9,enhanced,"Atatürk_Museum_Mansion::chunk0;Atatürk_Museum,_Şişli::chunk0;Mersin_Atatürk_Museum::chunk0","Mustafa Kemal Atatürk's residence became the Atatürk Museum Mansion, which is now a historic house museum.",0.6131471927654584,0.3333333333333333,0.5,1.0,0.75,0.8181818181818182
5a82edae55429966c78a6a9f,naive,The_Captain_of_Her_Heart::chunk0;Double_(band)::chunk0;Blue_(Double_album)::chunk0,"Double released their best known single ""The Captain of Her Heart"" in 1985.",0.6934264036172708,0.6666666666666666,1.0,0.5,0.9,0.6923076923076923
5a82edae55429966c78a6a9f,enhanced,The_Captain_of_Her_Heart::chunk0;Blue_(Double_album)::chunk0;Kurt_Maloo::chunk0,"Double released their best known single ""The Captain of Her Heart"" in 1985.",0.38685280723454163,0.3333333333333333,0.5,0.5,0.7,0.6923076923076923
5ae22b8d554299234fd0440f,naive,Peter_Schmeichel::chunk0;Kasper_Schmeichel::chunk0;IFFHS_World's_Best_Goalkeeper::chunk0,"Kasper Schmeichel's father, Peter Schmeichel, was voted the IFFHS World's Best Goalkeeper in 1992.",1.0,0.6666666666666666,1.0,1.0,0.8181818181818182,1.0
5ae22b8d554299234fd0440f,enhanced,Peter_Schmeichel::chunk0;Kasper_Schmeichel::chunk0;IFFHS_World's_Best_Goalkeeper::chunk0,"Kasper Schmeichel's father, Peter Schmeichel, was voted the IFFHS World's Best Goalkeeper in 1992.",1.0,0.6666666666666666,1.0,1.0,0.8181818181818182,1.0
5adbda2755429944faac2385,naive,The_Ganymede_Takeover::chunk0;The_Man_in_the_High_Castle::chunk0;The_Man_in_the_High_Castle_(TV_series)::chunk0,Philip K. Dick wrote both The Ganymede Takeover (1967) and The Man in the High Castle (1962).,1.0,0.6666666666666666,1.0,1.0,0.8333333333333334,0.8181818181818182
5adbda2755429944faac2385,enhanced,The_Ganymede_Takeover::chunk0;The_Man_in_the_High_Castle::chunk0;The_Man_in_the_High_Castle_(TV_series)::chunk0,Philip K. Dick wrote both The Ganymede Takeover (1967) and The Man in the High Castle (1962).,1.0,0.6666666666666666,1.0,1.0,0.8333333333333334,0.8181818181818182
5ae1d1a55542997f29b3c138,naive,Battle_of_Gavinana::chunk0;Corpus_Evangelicorum::chunk1;Army_of_the_Holy_Roman_Empire::chunk0,The Army of the Holy Roman Empire was created in 1422 and came to an end when the Holy Roman Empire was wound up in 1806.,0.9197207891481876,0.6666666666666666,1.0,1.0,1.0,0.625
5ae1d1a55542997f29b3c138,enhanced,Army_of_the_Holy_Roman_Empire::chunk0;Battle_of_Gavinana::chunk0;Frederick_William_III_of_Prussia::chunk0,The army of the Holy Roman Empire was created in 1422 and came to an end in 1806.,1.0,0.6666666666666666,1.0,1.0,1.0,0.5
5ac3a2f35542993915413856,naive,Art_Loeb_Trail::chunk0;Idaho_Panhandle_National_Forests::chunk0;Palouse_National_Forest::chunk3,"The Art Loeb Trail is located in Pisgah National Forest, which is not mentioned in the context regarding the Idaho Panhandle National Forests. Therefore, the answer is not present in the provided context.",0.6131471927654584,0.3333333333333333,0.5,1.0,0.5555555555555556,0.35714285714285715
5ac3a2f35542993915413856,enhanced,Idaho_Panhandle_National_Forests::chunk0;Art_Loeb_Trail::chunk0;Pisgah_National_Forest::chunk0,"The three other National Forests administered alongside Pisgah National Forest are Croatan, Nantahala, and Uwharrie.",0.6934264036172708,0.6666666666666666,1.0,0.5,0.9090909090909091,0.35714285714285715
5a7647b85542992d0ec0608a,naive,"Liberty_Tree_District::chunk0;Combat_Zone,_Boston::chunk0;Liberty_Tree::chunk0",The adult entertainment district of the Liberty Tree District was centered on Washington Street.,1.0,0.6666666666666666,1.0,1.0,1.0,1.0
5a7647b85542992d0ec0608a,enhanced,"Liberty_Tree_District::chunk0;Combat_Zone,_Boston::chunk0;Club_Quarter::chunk0",The adult entertainment district of the Liberty Tree District was centered on Washington Street.,1.0,0.6666666666666666,1.0,1.0,1.0,1.0
5ac49a1c5542996feb3fe905,naive,1976_Auburn_Tigers_football_team::chunk0;George_Wilson_(quarterback)::chunk1;2005_Auburn_Tigers_football_team::chunk0,The provided context does not contain the answer to this question.,0.0,0.0,0.0,0.0,0.16666666666666666,0.0
5ac49a1c5542996feb3fe905,enhanced,John_Stallworth::chunk0;Don_McCormack::chunk0;2016_Auburn_Tigers_football_team::chunk0,The head coach for the Auburn Tigers football team in 2016 was Gus Malzahn.,0.6131471927654584,0.3333333333333333,0.5,1.0,1.0,0.3076923076923077
5ae60484554299546bf8301a,naive,George_Yardley::chunk0;Chicago_American_Gears::chunk0;George_Mikan::chunk0,"The record held by George Mikan, Jr. was broken by George Harry Yardley III.",0.9197207891481876,0.6666666666666666,1.0,1.0,0.8888888888888888,0.5454545454545454
5ae60484554299546bf8301a,enhanced,George_Yardley::chunk0;Chicago_American_Gears::chunk0;George_Mikan::chunk0,The player for the Chicago American Gears who held the record which George Harry Yardley III broke was George Mikan.,0.9197207891481876,0.6666666666666666,1.0,1.0,0.9166666666666666,1.0
5a84cf175542992a431d1aa2,naive,Ratatat::chunk0;Lilys::chunk0;Precollection::chunk0,"Ratatat has two constant members, while Lilys has only one constant member, Kurt Heasley. Therefore, Ratatat has more constant members.",1.0,0.6666666666666666,1.0,1.0,0.6923076923076923,0.8333333333333334
5a84cf175542992a431d1aa2,enhanced,Lilys::chunk0;Precollection::chunk0;Ratatat::chunk0,"Ratatat has more constant members, as it consists of two members, while Lilys has only one constant member.",0.9197207891481876,0.6666666666666666,1.0,1.0,0.6363636363636364,0.8333333333333334
5a81b2505542995ce29dcc32,naive,Kaye_Stevens::chunk0;Riviera_(hotel_and_casino)::chunk0;New_Frontier_Hotel_and_Casino::chunk0,Kaye Stevens' big break came at the Riviera Hotel on the Las Vegas Strip.,1.0,0.6666666666666666,1.0,1.0,0.9,0.47058823529411764
5a81b2505542995ce29dcc32,enhanced,Kaye_Stevens::chunk0;Riviera_(hotel_and_casino)::chunk0;New_Frontier_Hotel_and_Casino::chunk0,Kaye Stevens' big break came at the Riviera Hotel on the Las Vegas Strip.,1.0,0.6666666666666666,1.0,1.0,0.9,0.47058823529411764
5ab568af554299494045efaf,naive,Roses_in_the_Snow::chunk1;Rain_(Anthony_Callea_song)::chunk0;Bridge_over_Troubled_Water_(song)::chunk0,"The context does not provide information about a performance of the Simon & Garfunkel song that was a follow-up single to ""The Boxer"" on Australian Idol.",0.6934264036172708,0.6666666666666666,1.0,0.5,0.6,0.9
5ab568af554299494045efaf,enhanced,Bridge_over_Troubled_Water_(song)::chunk0;Rain_(Anthony_Callea_song)::chunk0;My_Little_Town::chunk0,"Anthony Callea performed the Simon & Garfunkel song ""Bridge over Troubled Water"" on Australian Idol.",1.0,0.6666666666666666,1.0,1.0,1.0,0.6
5a8f7a135542992414482adc,naive,Ocnus::chunk0;Kings_of_Alba_Longa::chunk1;Kings_of_Alba_Longa::chunk0,The city whose king was the father of Ocnus is Alba Longa.,0.6131471927654584,0.3333333333333333,0.5,1.0,0.8333333333333334,0.6666666666666666
5a8f7a135542992414482adc,enhanced,Ocnus::chunk0;Kings_of_Alba_Longa::chunk0;Alba_Longa::chunk0,"The city whose king was the father of Ocnus, Alba Longa, is located 12 miles southeast of Rome.",0.9197207891481876,0.6666666666666666,1.0,1.0,0.7272727272727273,0.8333333333333334
5ab2be71554299166977408c,naive,Brewer_Fieldhouse::chunk0;Chester_Brewer::chunk0;Kidd_Brewer::chunk0,"Seven years before the opening of the Brewer Fieldhouse in Columbia, Missouri, Chester Brewer was working as head football coach and head basketball coach at the University of Missouri from 1911 to 1913.",1.0,0.6666666666666666,1.0,1.0,0.8235294117647058,1.0
5ab2be71554299166977408c,enhanced,Brewer_Fieldhouse::chunk0;Chester_Brewer::chunk0;Kidd_Brewer::chunk0,"Seven years before the opening of the Brewer Fieldhouse in Columbia, Missouri, Chester Brewer was working as head football coach and head basketball coach at the University of Missouri from 1911 to 1913.",1.0,0.6666666666666666,1.0,1.0,0.8235294117647058,1.0
5ae537e45542990ba0bbb235,naive,Chapter_II_(Ashanti_album)::chunk0;Chapter_II_(Benga_album)::chunk0;Capítulo_II:_Brinca::chunk0,The context does not provide the birth date of the American singer Ashanti.,0.6131471927654584,0.3333333333333333,0.5,1.0,0.375,0.14285714285714285
5ae537e45542990ba0bbb235,enhanced,Chapter_II_(Ashanti_album)::chunk0;Capítulo_II:_Brinca::chunk0;Rock_wit_U_(Awww_Baby)::chunk0,"The provided context does not contain information about the birth date of Ashanti, the American singer whose second studio album is ""Chapter II.""",0.6131471927654584,0.3333333333333333,0.5,1.0,0.5,0.5
5ac2546a554299636651997b,naive,List_of_songs_recorded_by_Motion_City_Soundtrack::chunk0;Motion_City_Soundtrack_discography::chunk0;Candlelight_Red::chunk0,"Motion City Soundtrack has released more studio albums, with a total of six, while Candlelight Red has released two studio albums.",0.3065735963827292,0.3333333333333333,0.5,0.3333333333333333,0.7692307692307693,1.0
5ac2546a554299636651997b,enhanced,Panic_Stations_(album)::chunk0;Candlelight_Red::chunk0;My_Dinosaur_Life::chunk0,"The context does not provide the total number of studio albums released by Motion City Soundtrack, so it is not possible to determine who has released more studio albums based on the provided information.",0.38685280723454163,0.3333333333333333,0.5,0.5,0.3333333333333333,0.7777777777777778
5ae356045542990afbd1e10d,naive,American_Samoa_national_football_team::chunk0;Veterans_Memorial_Stadium_(Pago_Pago)::chunk0;Pago_Pago::chunk0,The context does not contain the answer to the question.,0.0,0.0,0.0,0.0,0.0,0.0
5ae356045542990afbd1e10d,enhanced,American_Samoa_national_football_team::chunk0;Veterans_Memorial_Stadium_(Pago_Pago)::chunk0;Matt_Toeaina::chunk0,"Chicago has a football team and had a player from Pago Pago, American Samoa, Matt Toeaina, who played for the Chicago Bears.",0.3065735963827292,0.3333333333333333,0.5,0.3333333333333333,0.9090909090909091,0.75
5ae1e6d95542997283cd22c3,naive,Keanu_(film)::chunk0;Peter_Atencio::chunk0;True_Memoirs_of_an_International_Assassin::chunk0,Keanu is written by Jordan Peele and Alex Rubens.,0.6131471927654584,0.3333333333333333,0.5,1.0,1.0,0.2
5ae1e6d95542997283cd22c3,enhanced,Keanu_(film)::chunk0;Peter_Atencio::chunk0;Central_Intelligence::chunk0,Keanu was written by Jordan Peele and Alex Rubens.,0.6131471927654584,0.3333333333333333,0.5,1.0,1.0,0.2
5a8b8f5b55429949d91db5e1,naive,Yameen::chunk0;Activision::chunk0;Raven_Software::chunk0,The context does not contain an answer to the question about the form of play that Yameen and Activision have in common.,1.0,0.6666666666666666,1.0,1.0,0.2727272727272727,1.0
5a8b8f5b55429949d91db5e1,enhanced,Yameen::chunk0;Activision::chunk0;Guitar_Hero::chunk0,"Yameen and Activision have in common music-related play, as Yameen's music features in Activision's podcast and both are involved in the music gaming space through their respective platforms.",1.0,0.6666666666666666,1.0,1.0,0.5,0.8
5ab3460055429976abd1bc80,naive,Evolution_(Paul_van_Dyk_album)::chunk0;Paul_van_Dyk::chunk0;In_Between_(Paul_van_Dyk_album)::chunk0,"The singer-songwriter from Derry who appeared on Paul van Dyk's 2012 album, Evolution, is Sue McLaren.",0.6131471927654584,0.3333333333333333,0.5,1.0,0.5833333333333334,1.0
5ab3460055429976abd1bc80,enhanced,Evolution_(Paul_van_Dyk_album)::chunk0;Johnny_McDaid::chunk0;In_Between_(Paul_van_Dyk_album)::chunk0,"Johnny McDaid appeared on Paul van Dyk's 2012 album, Evolution.",1.0,0.6666666666666666,1.0,1.0,0.7777777777777778,0.7
5a7d2afb554299452d57bb41,naive,The_Story_of_Them_Featuring_Van_Morrison::chunk0;Them_(band)::chunk0;Van_Morrison_in_Ireland::chunk0,The Story of Them Featuring Van Morrison is a compilation album recorded by the Northern Irish band Them.,1.0,0.6666666666666666,1.0,1.0,1.0,0.7333333333333333
5a7d2afb554299452d57bb41,enhanced,The_Story_of_Them_Featuring_Van_Morrison::chunk0;Them_(band)::chunk0;Live_at_the_Grand_Opera_House_Belfast::chunk0,The Story of Them Featuring Van Morrison is a compilation album recorded by the Northern Irish band Them.,1.0,0.6666666666666666,1.0,1.0,1.0,0.7333333333333333
5adea95055429939a52fe931,naive,Tina_&amp;_Lolo::chunk0;Karishma_Tanna::chunk0;Sumona_Chakravarti::chunk0,The context does not provide information about the previous occupation of the Canadian-born Indian-American actress and model who appeared in Tina & Lolo alongside Karishma Tanna.,0.6131471927654584,0.3333333333333333,0.5,1.0,0.47368421052631576,1.0
5adea95055429939a52fe931,enhanced,Sunny_Leone::chunk0;Karishma_Tanna::chunk0;Tina_&amp;_Lolo::chunk0,"The previous occupation of Sunny Leone, the Canadian-born Indian-American actress and model who appeared in Tina & Lolo alongside Karishma Tanna, was as a pornstar.",0.9197207891481876,0.6666666666666666,1.0,1.0,0.8235294117647058,1.0
5ab7d33d5542992aa3b8c859,naive,List_of_Miami_Vice_guest_appearances::chunk0;Philip_Michael_Thomas::chunk0;Don_Johnson::chunk0,The provided context does not contain the answer to this question.,0.3065735963827292,0.3333333333333333,0.5,0.3333333333333333,0.0,0.0
5ab7d33d5542992aa3b8c859,enhanced,Philip_Michael_Thomas::chunk0;Word_of_Honor_(2003_film)::chunk0;Don_Johnson::chunk0,"The actor who starred in both ""Word of Honor"" and ""Miami Vice"" is Don Johnson.",0.6934264036172708,0.6666666666666666,1.0,0.5,0.7777777777777778,1.0
5a893f305542993b751ca91e,naive,"Whitehead_Light::chunk0;Goffstown,_New_Hampshire::chunk0;Bradford,_New_Hampshire::chunk0","The context does not provide information about a town with a population of 2,591 during the 2010 census related to the Whitehead Light.",0.6131471927654584,0.3333333333333333,0.5,1.0,0.4,0.9
5a893f305542993b751ca91e,enhanced,"Whitehead_Light::chunk0;St._George,_Maine::chunk0;Morrisville,_North_Carolina::chunk0","The Whitehead Light is located in the town of St. George, which had a population of 2,591 during the 2010 census.",1.0,0.6666666666666666,1.0,1.0,0.9166666666666666,1.0
5adea83b55429975fa854f53,naive,Thirukkalacherry::chunk0;Paravakkal::chunk0;Tharangambadi::chunk0,Thirukkalacherry is a village in the town of Tharangambadi (formerly Tranquebar).,0.9197207891481876,0.6666666666666666,1.0,1.0,0.8333333333333334,0.75
5adea83b55429975fa854f53,enhanced,"Thirukkalacherry::chunk0;Masilamaniswara_Temple,_Thiruvaduthurai::chunk0;Paravakkal::chunk0",The context does not provide information about Thirukkalacherry being part of any Indian town.,0.6131471927654584,0.3333333333333333,0.5,1.0,0.18181818181818182,0.75
5ae1d32a554299492dc91b9c,naive,Fifty_Shades_of_Grey::chunk0;Fifty_Shades_Darker::chunk0;Grey:_Fifty_Shades_of_Grey_as_Told_by_Christian::chunk0,Fifty Shades of Grey was released in 2011.,0.0,0.0,0.0,0.0,0.8,0.6
5ae1d32a554299492dc91b9c,enhanced,Fifty_Shades_Darker::chunk0;Fifty_Shades_of_Grey::chunk0;Fifty_Shades_(novel_series)::chunk0,Fifty Shades of Grey was released in 2011.,0.3065735963827292,0.3333333333333333,0.5,0.3333333333333333,0.8,0.6
5a82accd55429966c78a6a78,naive,Hermiston-McCauley_Mine::chunk0;Barton_Mine::chunk0;Bagdad_Mine::chunk0,"No, both the Barton Mine and Hermiston-McCauley Mine are located in Northeastern Ontario, Canada.",1.0,0.6666666666666666,1.0,1.0,0.8,0.625
5a82accd55429966c78a6a78,enhanced,Hermiston-McCauley_Mine::chunk0;Barton_Mine::chunk0;Leviathan_Mine::chunk0,"No, both the Barton Mine and Hermiston-McCauley Mine are located in Northeastern Ontario, Canada.",1.0,0.6666666666666666,1.0,1.0,0.8,0.625
5a90ba1b55429933b8a205c6,naive,Fabio_Fognini::chunk0;Daniel_Vacek::chunk0;Adam_Pavlásek::chunk0,"Fabio Fognini has a better career-high singles ranking, reaching world No. 13, compared to Daniel Vacek's career-high of world No. 26.",1.0,0.6666666666666666,1.0,1.0,0.7333333333333333,0.8888888888888888
5a90ba1b55429933b8a205c6,enhanced,Fabio_Fognini::chunk0;Daniel_Vacek::chunk0;Paolo_Lorenzi::chunk0,Fabio Fognini has a better career-high singles ranking of world No. 13 compared to Daniel Vacek's career-high of world No. 26.,1.0,0.6666666666666666,1.0,1.0,0.7857142857142857,0.8888888888888888
5adcb6875542994ed6169bcb,naive,Dryopteris_cristata::chunk0;Gymnocladus::chunk0;Dryopteris_goldiana::chunk0,The context does not contain a direct comparison of sizes between Dryopteris and Gymnocladus.,0.38685280723454163,0.3333333333333333,0.5,0.5,0.2222222222222222,0.4
5adcb6875542994ed6169bcb,enhanced,Gymnocladus::chunk0;Dryopteris_campyloptera::chunk0;Dryopteris_goldiana::chunk0,"The context does not contain the answer to which species of trees is larger, Dryopteris or Gymnocladus.",0.6131471927654584,0.3333333333333333,0.5,1.0,0.5555555555555556,1.0
5a7f95685542995d8a8ddeaa,naive,Ned_Scott::chunk0;Raymond_Cauchetier::chunk0;Pierluigi_Praturlon::chunk0,The context does not specify a photographer who worked as a set photographer in Hollywood film productions.,0.0,0.0,0.0,0.0,0.5555555555555556,0.6666666666666666
5a7f95685542995d8a8ddeaa,enhanced,Ned_Scott::chunk0;Raymond_Cauchetier::chunk0;Pierluigi_Praturlon::chunk0,The context does not contain information about a famous photographer who worked as a set photographer in Hollywood film productions.,0.0,0.0,0.0,0.0,0.4166666666666667,0.7777777777777778
5a78b386554299148911f949,naive,Tracinda::chunk0;Bobby_Mehta::chunk5;Bobby_Mehta::chunk0,The context does not contain information about any book purchased by the president and CEO of Tracinda Corporation.,0.0,0.0,0.0,0.0,0.3333333333333333,0.8333333333333334
5a78b386554299148911f949,enhanced,Kirk_Kerkorian::chunk0;Tracinda::chunk0;Jerry_York_(businessman)::chunk0,The context does not contain the answer to what book the president and CEO of Tracinda Corporation bought.,0.6131471927654584,0.3333333333333333,0.5,1.0,0.4,0.8333333333333334
5a8c781c554299653c1aa083,naive,Bevo_(mascot)::chunk0;Texas_Longhorns::chunk0;KSKU::chunk1,The athletic team that has its football and basketball games broadcast on KFST and has a mascot named Bevo is the Texas Longhorns.,0.38685280723454163,0.3333333333333333,0.5,0.5,0.75,1.0
5a8c781c554299653c1aa083,enhanced,Bevo_(mascot)::chunk0;Texas_Longhorns::chunk0;KFST_(AM)::chunk0,The Texas Longhorns have their football and basketball games broadcast on KFST and have a mascot named Bevo.,0.6934264036172708,0.6666666666666666,1.0,0.5,0.9090909090909091,0.8
5a80ae105542992bc0c4a7a2,naive,Marge_Piercy::chunk0;Richard_Aldington::chunk0;Woman_on_the_Edge_of_Time::chunk0,Both Marge Piercy and Richard Aldington are writers and poets.,1.0,0.6666666666666666,1.0,1.0,0.5714285714285714,0.7142857142857143
5a80ae105542992bc0c4a7a2,enhanced,Marge_Piercy::chunk0;Richard_Aldington::chunk0;Going_Down_Fast::chunk0,Both Marge Piercy and Richard Aldington are writers and poets.,1.0,0.6666666666666666,1.0,1.0,0.5714285714285714,0.7142857142857143
5a84992e5542992a431d1a6d,naive,ROH_13th_Anniversary_Show::chunk0;CMLL_63rd_Anniversary_Show::chunk0;Trump_International_Hotel_Las_Vegas::chunk0,The context does not provide information about who owns The Orleans hotel where the 13th Anniversary Show took place.,0.6131471927654584,0.3333333333333333,0.5,1.0,0.5384615384615384,1.0
5a84992e5542992a431d1a6d,enhanced,ROH_13th_Anniversary_Show::chunk0;CMLL_79th_Anniversary_Show::chunk0;Robert_Holding::chunk0,"The hotel where the 13th Anniversary Show took place, The Orleans, is owned by Robert Earl Holding.",0.6131471927654584,0.3333333333333333,0.5,1.0,1.0,0.8571428571428571
5a8f2cc855429918e830d1be,naive,"Johnny_Campbell_(footballer,_born_1923)::chunk0;J._R._Campbell_(communist)::chunk0;Johnny_Campbell_(footballer,_born_1894)::chunk0",The context does not contain the answer.,0.6131471927654584,0.3333333333333333,0.5,1.0,0.0,0.0
5a8f2cc855429918e830d1be,enhanced,"Johnny_Campbell_(footballer,_born_1923)::chunk0;J._R._Campbell_(communist)::chunk0;Johnny_Campbell_(footballer,_born_1894)::chunk0",The provided context does not contain the legal name of Johnny Campbell's hometown.,0.6131471927654584,0.3333333333333333,0.5,1.0,0.1111111111111111,1.0
5a8841ee5542994846c1ce6b,naive,"Sheridan_County,_Montana::chunk0;Chandra_Taal::chunk0;Sheridan,_Wyoming::chunk0",The context does not contain the answer.,1.0,0.6666666666666666,1.0,1.0,0.0,0.0
5a8841ee5542994846c1ce6b,enhanced,"Sheridan_County,_Montana::chunk0;Sheridan_County_Airport::chunk0;Chandra_Taal::chunk0","Chandra Taal is farther west than Sheridan County, Montana.",0.9197207891481876,0.6666666666666666,1.0,1.0,0.7142857142857143,1.0
5adf85e05542993344016cba,naive,John_Moncur::chunk0;History_of_Ipswich_Town_F.C.::chunk0;John_Elsworthy::chunk0,The context does not provide information about the specific football league John Moncur belonged to during his time at Ipswich Town F.C.,0.6131471927654584,0.3333333333333333,0.5,1.0,0.5555555555555556,0.9166666666666666
5adf85e05542993344016cba,enhanced,John_Moncur::chunk0;John_Elsworthy::chunk0;History_of_Ipswich_Town_F.C.::chunk0,The context does not contain information about the specific football league John Moncur belonged to during his time at Ipswich Town F.C.,0.6131471927654584,0.3333333333333333,0.5,1.0,0.5555555555555556,0.9166666666666666
5a77415b55429966f1a36cd2,naive,Whole_Lotta_Sole::chunk0;Martin_McCann_(actor)::chunk0;Great_Britain_at_the_2016_Summer_Olympics::chunk1,The actor from Northern Ireland born in 1983 who starred in Whole Lotta Sole is Martin McCann.,1.0,0.6666666666666666,1.0,1.0,0.9090909090909091,1.0
5a77415b55429966f1a36cd2,enhanced,Whole_Lotta_Sole::chunk0;Martin_McCann_(actor)::chunk0;Jackie_Woodburne::chunk0,"Martin ""Marty"" McCann, born on 20 July 1983, starred in Whole Lotta Sole.",1.0,0.6666666666666666,1.0,1.0,0.9090909090909091,0.6666666666666666
5a72fc865542991f9a20c5e9,naive,1963_Oklahoma_Sooners_football_team::chunk0;Bud_Wilkinson::chunk0;List_of_Oklahoma_Sooners_head_football_coaches::chunk0,"Bud Wilkinson, the coach of the 1963 Oklahoma Sooners football team, died on February 9, 1994.",1.0,0.6666666666666666,1.0,1.0,0.9166666666666666,0.8571428571428571
5a72fc865542991f9a20c5e9,enhanced,1963_Oklahoma_Sooners_football_team::chunk0;1956_Oklahoma_Sooners_football_team::chunk0;Bud_Wilkinson::chunk0,"The provided context does not contain information about when the coach of the 1963 Oklahoma Sooners football team, Bud Wilkinson, died.",0.9197207891481876,0.6666666666666666,1.0,1.0,0.5333333333333333,0.8571428571428571
5ac4e13f554299076e296e2d,naive,Lulu_(opera)::chunk0;Der_Widerspänstigen_Zähmung::chunk0;Zeitoper::chunk0,"Theodor W. Adorno wrote ""The opera 'Lulu'.""",0.6131471927654584,0.3333333333333333,0.5,1.0,0.8333333333333334,0.4
5ac4e13f554299076e296e2d,enhanced,Lulu_(opera)::chunk0;Zeitoper::chunk0;Johann_Gottlieb_Fichte::chunk0,"The German philosopher who wrote ""The opera 'Lulu'"" is Theodor W. Adorno.",0.6131471927654584,0.3333333333333333,0.5,1.0,0.875,0.8
5a7796e05542992a6e59df0f,naive,Huis_Ten_Bosch_(train)::chunk0;Huis_Ten_Bosch_(theme_park)::chunk0;Huis_ten_Bosch_palace::chunk0,The theme park served by the Huis Ten Bosch train service is themed on the Netherlands.,1.0,0.6666666666666666,1.0,1.0,0.8,0.9
5a7796e05542992a6e59df0f,enhanced,Huis_Ten_Bosch_(train)::chunk0;Huis_Ten_Bosch_(theme_park)::chunk0;Huis_ten_Bosch_(disambiguation)::chunk0,The theme park served by the Huis Ten Bosch train service is themed on the Netherlands.,1.0,0.6666666666666666,1.0,1.0,0.8,0.9
5ae3eabc5542995dadf2424f,naive,"Thea_White::chunk0;Dude,_That's_My_Ghost!::chunk0;Courage_the_Cowardly_Dog::chunk0","Thea Ruth White is best known for her voice over work as Muriel Bagge on ""Courage the Cowardly Dog,"" which was created for Cartoon Network.",0.9197207891481876,0.6666666666666666,1.0,1.0,1.0,0.6666666666666666
5ae3eabc5542995dadf2424f,enhanced,Thea_White::chunk0;Ruth_White_(composer)::chunk0;Bessie_Harvey::chunk0,"The context does not provide information about who ""Courage the Cowardly Dog"" was created for.",0.6131471927654584,0.3333333333333333,0.5,1.0,0.3333333333333333,0.05555555555555555
5ae3c71f5542991a06ce9a22,naive,"Predelta_National_Park::chunk0;Mesopotamia,_Argentina::chunk0;Santa_Fe_Province::chunk0","Predelta National Park is located in the region known as La Mesopotamia, which comprises the provinces of Misiones, Entre Ríos, and Corrientes.",1.0,0.6666666666666666,1.0,1.0,0.9333333333333333,0.7692307692307693
5ae3c71f5542991a06ce9a22,enhanced,"Predelta_National_Park::chunk0;Mesopotamia,_Argentina::chunk0;Republic_of_Entre_Ríos::chunk0",Predelta National Park is located in La Mesopotamia.,1.0,0.6666666666666666,1.0,1.0,1.0,0.3076923076923077
5ae25d2b554299495565da46,naive,1978_American_Airlines_Tennis_Games_–_Singles::chunk0;Brian_Gottfried::chunk0;Peter_Fleming_(tennis)::chunk0,"Brian Gottfried has more singles titles, with 25 titles compared to Peter Fleming's 3 titles.",0.6934264036172708,0.6666666666666666,1.0,0.5,0.7,0.8571428571428571
5ae25d2b554299495565da46,enhanced,Brian_Gottfried::chunk0;Peter_Fleming_(tennis)::chunk0;1978_American_Airlines_Tennis_Games_–_Singles::chunk0,"Brian Gottfried has more singles titles, with 25 titles compared to Peter Fleming's 3 titles.",1.0,0.6666666666666666,1.0,1.0,0.7,0.8571428571428571
5ab8179f5542990e739ec817,naive,Tom_Vaughan_(director)::chunk0;Tom_Vaughan_(actor)::chunk0;Starter_for_10_(film)::chunk0,The provided context does not contain the information about who wrote Tom Vaughan's popular 2008 film.,0.6131471927654584,0.3333333333333333,0.5,1.0,0.25,1.0
5ab8179f5542990e739ec817,enhanced,What_Happens_in_Vegas::chunk0;Tom_Vaughan_(director)::chunk0;Some_Kind_of_Beautiful::chunk0,"Dana Fox wrote Tom Vaughan's popular 2008 film ""What Happens in Vegas.""",1.0,0.6666666666666666,1.0,1.0,0.7,1.0
5adc411f5542994650320cbc,naive,International_Ultraviolet_Explorer::chunk0;Extreme_Ultraviolet_Explorer::chunk0;EXOSAT::chunk0,"The International Ultraviolet Explorer was operational for almost 18 years, while EXOSAT operated for 3 years, making IUE the longer-operational satellite.",0.9197207891481876,0.6666666666666666,1.0,1.0,0.8,1.0
5adc411f5542994650320cbc,enhanced,International_Ultraviolet_Explorer::chunk0;EXOSAT::chunk0;Extreme_Ultraviolet_Explorer::chunk0,"The International Ultraviolet Explorer was operational for longer, lasting almost 18 years, while EXOSAT was operational for about 3 years.",1.0,0.6666666666666666,1.0,1.0,0.7692307692307693,0.8571428571428571
